article_id	key	status	count	channel_uid	updated_at	local_path	detail
0eecf7b4-8c89-497e-b1d9-d9e7640fc054	[57]b	dup_remote	0	73c03e1a-f333-11f0-808a-438f0af4b9e9	2026-08-14T15:47:02Z	vol_3/chinese/[1]缘起篇 - 部分（甲）/[1]缘起分别巴利圣典/[57]b 缘起法第三种方法的诸解释.md	远端有多篇文章共用 key [57]b：NGP-Vol3-[57]b ပဋိစ္စသမုပ္ပါဒ် တတိယနည်း အဖွင့်များ
f64aa8ee-4485-41f1-9d6a-7cd67ef84e77	[57]b	dup_remote	0	73c03e1a-f333-11f0-808a-438f0af4b9e9	2026-08-14T15:47:02Z	vol_3/chinese/[1]缘起篇 - 部分（甲）/[1]缘起分别巴利圣典/[57]b 缘起法第三种方法的诸解释.md	远端有多篇文章共用 key [57]b：NGP-Vol3-[57]b ပဋိစ္စသမုပ္ပါဒ် တတိယနည်း အဖွင့်များ
68e670b3-b8f3-4a55-9a19-d3073c117331	[1]	done	1	73c03e1a-f333-11f0-808a-438f0af4b9e9	2026-08-14T15:47:05Z	vol_3/chinese/[1]缘起篇 - 部分（甲）/[1]缘起法篇 - 部分（甲）.md	
1ac6a221-a136-4da8-a6f4-78aa1930b05f	[1a]	done	32	73c03e1a-f333-11f0-808a-438f0af4b9e9	2026-08-14T15:47:11Z	vol_3/chinese/[1]缘起篇 - 部分（甲）/[1]缘起分别巴利圣典/[1a]缘起分别巴利圣典 - 经分别法.md	
6974437d-83f0-41bc-bd63-d76fce5456fa	[3]	done	428	73c03e1a-f333-11f0-808a-438f0af4b9e9	2026-08-14T15:49:51Z	vol_3/chinese/[1]缘起篇 - 部分（甲）/[1]缘起分别巴利圣典/[3]应熟记的巴利圣典之义.md	
8ba3cf2b-0c98-4637-b579-0c658e34a64e	[13]	done	12	73c03e1a-f333-11f0-808a-438f0af4b9e9	2026-08-14T15:49:55Z	vol_3/chinese/[1]缘起篇 - 部分（甲）/[1]缘起分别巴利圣典/[13] 缘起法门.md	
cae2a3f0-82e7-4faf-87b7-a8c53c751b20	[14]	done	24	73c03e1a-f333-11f0-808a-438f0af4b9e9	2026-08-14T15:50:02Z	vol_3/chinese/[1]缘起篇 - 部分（甲）/[1]缘起分别巴利圣典/[14]相 - 作用 - 现起.md	
39790f3c-b8a0-44f2-9021-d16bb3a1762a	[21]	build_error	0	73c03e1a-f333-11f0-808a-438f0af4b9e9	2026-08-14T15:50:06Z	vol_3/chinese/[1]缘起篇 - 部分（甲）/[1]缘起分别巴利圣典/[21] 第二种解释.md	分段行数不一致（远端 19 段 / 本地 19 段；第一处不同在第 4 段：远端 1 行、本地 2 行）
27ea6477-93bd-415b-960c-70887a06cc8c	[24]	build_error	0	73c03e1a-f333-11f0-808a-438f0af4b9e9	2026-08-14T15:50:09Z	vol_3/chinese/[1]缘起篇 - 部分（甲）/[1]缘起分别巴利圣典/[24] 第三种解释.md	分段行数不一致（远端 10 段 / 本地 12 段；第一处不同在第 7 段：远端 3 行、本地 1 行）
3fb23e18-689c-488e-bf68-6e0378381bcc	[25]	build_error	0	73c03e1a-f333-11f0-808a-438f0af4b9e9	2026-08-14T15:50:13Z	vol_3/chinese/[1]缘起篇 - 部分（甲）/[1]缘起分别巴利圣典/[25] 色聚 名聚.md	分段行数不一致（远端 15 段 / 本地 21 段；第一处不同在第 3 段：远端 2 行、本地 1 行）
9f2cf594-be51-4272-a414-626cc7824dcd	[27]b	build_error	0	73c03e1a-f333-11f0-808a-438f0af4b9e9	2026-08-14T15:50:16Z	vol_3/chinese/[1]缘起篇 - 部分（甲）/[1]缘起分别巴利圣典/[27]b (甲) 缘 - 词.md	分段行数不一致（远端 12 段 / 本地 15 段；第一处不同在第 6 段：远端 4 行、本地 1 行）
9a8e5e9f-a82a-41de-b355-55a8007b6f3e	[29]	build_error	0	73c03e1a-f333-11f0-808a-438f0af4b9e9	2026-08-14T15:50:19Z	vol_3/chinese/[1]缘起篇 - 部分（甲）/[1]缘起分别巴利圣典/[29] (乙) 集起 - 词.md	分段行数不一致（远端 12 段 / 本地 17 段；第一处不同在第 3 段：远端 3 行、本地 1 行）
91598045-5373-4cdf-acc2-59248899a7c5	[38]	done	41	73c03e1a-f333-11f0-808a-438f0af4b9e9	2026-08-14T15:50:26Z	vol_3/chinese/[1]缘起篇 - 部分（甲）/[1]缘起分别巴利圣典/[38] 教导的区别 宣说缘起法.md	
998b82fa-987f-4fda-af60-0b5731275042	[40]	done	10	73c03e1a-f333-11f0-808a-438f0af4b9e9	2026-08-14T15:50:30Z	vol_3/chinese/[1]缘起篇 - 部分（甲）/[1]缘起分别巴利圣典/[40] 四种食.md	
723888e2-dd37-446f-bca5-9b9442d0b3f2	[41]a	done	8	73c03e1a-f333-11f0-808a-438f0af4b9e9	2026-08-14T15:50:34Z	vol_3/chinese/[1]缘起篇 - 部分（甲）/[1]缘起分别巴利圣典/[41]a 非业生食.md	
2594f3b6-4bb5-4b54-8d99-5f975b553406	[41]b	done	5	73c03e1a-f333-11f0-808a-438f0af4b9e9	2026-08-14T15:50:38Z	vol_3/chinese/[1]缘起篇 - 部分（甲）/[1]缘起分别巴利圣典/[41]b 分四种宣说的缘由.md	
31a79b8f-0e54-4e07-af49-b5aa53f9e3b8	[42]	done	35	73c03e1a-f333-11f0-808a-438f0af4b9e9	2026-08-14T15:50:45Z	vol_3/chinese/[1]缘起篇 - 部分（甲）/[1]缘起分别巴利圣典/[42]补充说明.md	
b064407a-449c-4920-ae09-9534390bd8ae	[45]	done	26	73c03e1a-f333-11f0-808a-438f0af4b9e9	2026-08-14T15:50:50Z	vol_3/chinese/[1]缘起篇 - 部分（甲）/[1]缘起分别巴利圣典/[45] 食经.md	
29ffba73-420b-41a7-ae0a-ffbe00027b8a	[46]	done	24	73c03e1a-f333-11f0-808a-438f0af4b9e9	2026-08-14T15:50:55Z	vol_3/chinese/[1]缘起篇 - 部分（甲）/[1]缘起分别巴利圣典/[46] 简译摘要.md	
cb0f5060-10c7-4b22-8c02-536821f639d5	[47]	done	19	73c03e1a-f333-11f0-808a-438f0af4b9e9	2026-08-14T15:51:00Z	vol_3/chinese/[1]缘起篇 - 部分（甲）/[1]缘起分别巴利圣典/[47] 义注 - 复注的解释.md	
bd26c088-8113-4e97-8ee0-8b805d1f31fe	[48]	done	12	73c03e1a-f333-11f0-808a-438f0af4b9e9	2026-08-14T15:51:06Z	vol_3/chinese/[1]缘起篇 - 部分（甲）/[1]缘起分别巴利圣典/[48] 只宣说四种食的缘由.md	
1f14bc9c-9d86-436f-a2d7-405e8d1d123a	[49]	done	25	73c03e1a-f333-11f0-808a-438f0af4b9e9	2026-08-14T15:51:11Z	vol_3/chinese/[1]缘起篇 - 部分（甲）/[1]缘起分别巴利圣典/[49] 作助益的方式.md	
a8b75342-1876-4581-969e-9fb34d13e15d	[50]	done	23	73c03e1a-f333-11f0-808a-438f0af4b9e9	2026-08-14T15:51:17Z	vol_3/chinese/[1]缘起篇 - 部分（甲）/[1]缘起分别巴利圣典/[50] 解释说明.md	
dd7e3adf-ce2e-46f2-a02b-8bd8ae6a305f	[52]	done	24	73c03e1a-f333-11f0-808a-438f0af4b9e9	2026-08-14T15:51:22Z	vol_3/chinese/[1]缘起篇 - 部分（甲）/[1]缘起分别巴利圣典/[52] 四种大灾祸.md	
1383ecb0-4cf2-46a7-a987-6b43a09923f3	[53]	done	11	73c03e1a-f333-11f0-808a-438f0af4b9e9	2026-08-14T15:51:26Z	vol_3/chinese/[1]缘起篇 - 部分（甲）/[1]缘起分别巴利圣典/[53] 渴爱因缘.md	
92a98084-b3f3-4238-9097-aeb8a2ea7eb1	[54]	done	29	73c03e1a-f333-11f0-808a-438f0af4b9e9	2026-08-14T15:51:32Z	vol_3/chinese/[1]缘起篇 - 部分（甲）/[1]缘起分别巴利圣典/[54] 因之因的层层相续.md	
ce3c771a-dcac-462d-ae70-ff55242596a1	[56]	done	15	73c03e1a-f333-11f0-808a-438f0af4b9e9	2026-08-14T15:51:37Z	vol_3/chinese/[1]缘起篇 - 部分（甲）/[1]缘起分别巴利圣典/[56] 应牢记的要点.md	
523846dd-fcf3-4af6-8cf0-cdfdf9b49742	[57]a	done	9	73c03e1a-f333-11f0-808a-438f0af4b9e9	2026-08-14T15:51:41Z	vol_3/chinese/[1]缘起篇 - 部分（甲）/[1]缘起分别巴利圣典/[57]a 未来是怎样的？.md	
beb384ff-57fd-499d-924e-f966ccc56b20	[59]a	done	4	73c03e1a-f333-11f0-808a-438f0af4b9e9	2026-08-14T15:51:45Z	vol_3/chinese/[1]缘起篇 - 部分（甲）/[1]缘起分别巴利圣典/[59]a 要旨三点.md	
8eb6f53b-a20a-48ca-9009-572d59ec8dd3	[59]b	done	47	73c03e1a-f333-11f0-808a-438f0af4b9e9	2026-08-14T15:51:51Z	vol_3/chinese/[1]缘起篇 - 部分（甲）/[1]缘起分别巴利圣典/[59]b 第一种阐释的说明.md	
9339bd5d-c5d7-49cc-9c47-5bc101e41651	[62]	done	66	73c03e1a-f333-11f0-808a-438f0af4b9e9	2026-08-14T15:52:00Z	vol_3/chinese/[1]缘起篇 - 部分（甲）/[1]缘起分别巴利圣典/[62] 从中间到开头的观照.md	
dafacca8-5cc8-4477-9da5-a79922e8b566	[65]	done	7	73c03e1a-f333-11f0-808a-438f0af4b9e9	2026-08-14T15:52:03Z	vol_3/chinese/[1]缘起篇 - 部分（甲）/[1]缘起分别巴利圣典/[65] 请反复审察.md	
6b5d5aaa-77a1-4645-a6cd-2cc7c7b6c1e6	[66]	done	18	73c03e1a-f333-11f0-808a-438f0af4b9e9	2026-08-14T15:52:09Z	vol_3/chinese/[1]缘起篇 - 部分（甲）/[1]缘起分别巴利圣典/[66] 乙。依第二种阐释的取义方式.md	
89d3c55f-2d6a-4542-bbe7-650b17a88e38	[67]	done	40	73c03e1a-f333-11f0-808a-438f0af4b9e9	2026-08-14T15:52:15Z	vol_3/chinese/[1]缘起篇 - 部分（甲）/[1]缘起分别巴利圣典/[67] 丙。依诸复注第三种阐释的取义方式.md	
953776b3-4521-427a-a3ce-2511efcec152	[69]a	done	6	73c03e1a-f333-11f0-808a-438f0af4b9e9	2026-08-14T15:52:19Z	vol_3/chinese/[1]缘起篇 - 部分（甲）/[1]缘起分别巴利圣典/[69]a 应记住的含义要点.md	
2dcc6ede-4452-4068-8c62-ff1ee971e4bd	[69]b	done	16	73c03e1a-f333-11f0-808a-438f0af4b9e9	2026-08-14T15:52:23Z	vol_3/chinese/[1]缘起篇 - 部分（甲）/[1]缘起分别巴利圣典/[69]b 三处连结，四层.md	
18365ccb-b5e8-4352-9afa-7e5bc167335d	[70]	done	18	73c03e1a-f333-11f0-808a-438f0af4b9e9	2026-08-14T15:52:28Z	vol_3/chinese/[1]缘起篇 - 部分（甲）/[1]缘起分别巴利圣典/[70] 依这些复注第三种解释而观.md	
6e741e04-c4f4-4932-ad44-fe84ba966a39	[71]	done	18	73c03e1a-f333-11f0-808a-438f0af4b9e9	2026-08-14T15:52:33Z	vol_3/chinese/[1]缘起篇 - 部分（甲）/[1]缘起分别巴利圣典/[71] 缘起法说法 第四种方法.md	
9392a0e0-0d8a-4f29-8883-e403cd56e8ef	[73]	done	35	73c03e1a-f333-11f0-808a-438f0af4b9e9	2026-08-14T15:52:39Z	vol_3/chinese/[1]缘起篇 - 部分（甲）/[1]缘起分别巴利圣典/[73] 第四种方法 观照.md	
427da0df-1b66-4327-ae8b-9e110e797157	[74]	done	13	73c03e1a-f333-11f0-808a-438f0af4b9e9	2026-08-14T15:52:43Z	vol_3/chinese/[1]缘起篇 - 部分（甲）/[1]缘起分别巴利圣典/[74] 趁有时机 请精进用功.md	
f0d9ded0-1868-4aec-b4a5-38787f20da47	[76]	done	8	73c03e1a-f333-11f0-808a-438f0af4b9e9	2026-08-14T15:52:48Z	vol_3/chinese/[1]缘起篇 - 部分（甲）/[76]依烦恼轮、业轮、异熟轮之力的收摄方式/[76]依烦恼轮、业轮、异熟轮之力的收摄方式.md	
b5db4027-5754-4566-8407-e8b3a0ebe1eb	[76]b	done	13	73c03e1a-f333-11f0-808a-438f0af4b9e9	2026-08-14T15:52:52Z	vol_3/chinese/[1]缘起篇 - 部分（甲）/[76]依烦恼轮、业轮、异熟轮之力的收摄方式/[76]b 过去因法（五）种.md	
d313a519-21e4-4375-ab9a-6758ae99e0ae	[77]a	done	7	73c03e1a-f333-11f0-808a-438f0af4b9e9	2026-08-14T15:52:56Z	vol_3/chinese/[1]缘起篇 - 部分（甲）/[76]依烦恼轮、业轮、异熟轮之力的收摄方式/[77]a 现在的果报法(五)种.md	
75d68d64-6c50-4c3c-9387-5f753aa9a83e	[77]b	done	4	73c03e1a-f333-11f0-808a-438f0af4b9e9	2026-08-14T15:53:00Z	vol_3/chinese/[1]缘起篇 - 部分（甲）/[76]依烦恼轮、业轮、异熟轮之力的收摄方式/[77]b 现在因法（五）种.md	
3d2d21db-fb0b-48cf-b433-2e25186627e0	[77]c	done	4	73c03e1a-f333-11f0-808a-438f0af4b9e9	2026-08-14T15:53:04Z	vol_3/chinese/[1]缘起篇 - 部分（甲）/[76]依烦恼轮、业轮、异熟轮之力的收摄方式/[77]c 未来的果报法(五)种.md	
29240ad4-5079-4e4a-955c-9d534b9f1d10	[77]d	done	9	73c03e1a-f333-11f0-808a-438f0af4b9e9	2026-08-14T15:53:07Z	vol_3/chinese/[1]缘起篇 - 部分（甲）/[76]依烦恼轮、业轮、异熟轮之力的收摄方式/[77]d 缘起法第五法.md	
0b5ece3c-d755-4f80-b95e-04f813196008	[78]a	done	2	73c03e1a-f333-11f0-808a-438f0af4b9e9	2026-08-14T15:53:11Z	vol_3/chinese/[1]缘起篇 - 部分（甲）/[76]依烦恼轮、业轮、异熟轮之力的收摄方式/[78]a 应了知一分一处.md	
6b27b53e-2fbc-4762-bdd9-183ba3526618	[78]b	done	19	73c03e1a-f333-11f0-808a-438f0af4b9e9	2026-08-14T15:53:16Z	vol_3/chinese/[1]缘起篇 - 部分（甲）/[76]依烦恼轮、业轮、异熟轮之力的收摄方式/[78]b 果报时＝与给予果报的时段相关联的业.md	
9878088a-f0a0-45de-b447-8507e2820370	[79]	done	31	73c03e1a-f333-11f0-808a-438f0af4b9e9	2026-08-14T15:53:21Z	vol_3/chinese/[1]缘起篇 - 部分（甲）/[76]依烦恼轮、业轮、异熟轮之力的收摄方式/[79]果报给予方便＝依给予果报之轮次次第的业（四）种.md	
d1c2705e-4552-4e49-b283-c979cee900d9	[80]	done	34	73c03e1a-f333-11f0-808a-438f0af4b9e9	2026-08-14T15:53:27Z	vol_3/chinese/[1]缘起篇 - 部分（甲）/[76]依烦恼轮、业轮、异熟轮之力的收摄方式/[80]与作用相关的业（四）种.md	
d89afba5-e9b0-465e-ab97-36cf3556c075	[82]a	done	13	73c03e1a-f333-11f0-808a-438f0af4b9e9	2026-08-14T15:53:32Z	vol_3/chinese/[1]缘起篇 - 部分（甲）/[76]依烦恼轮、业轮、异熟轮之力的收摄方式/[82]a 压迫业与断截业.md	
0fe6791d-4ba3-4252-b8e3-9183a1ce5d3e	[82]b	done	24	73c03e1a-f333-11f0-808a-438f0af4b9e9	2026-08-14T15:53:37Z	vol_3/chinese/[1]缘起篇 - 部分（甲）/[76]依烦恼轮、业轮、异熟轮之力的收摄方式/[82]b 另一种说法 四种业的观点.md	
c40c96da-2378-48e3-8a68-e63644fd41a6	[84]	done	21	73c03e1a-f333-11f0-808a-438f0af4b9e9	2026-08-14T15:53:44Z	vol_3/chinese/[1]缘起篇 - 部分（甲）/[76]依烦恼轮、业轮、异熟轮之力的收摄方式/[84]佛境与弟子境＝佛陀之事与弟子之事.md	
aed05ba0-7a37-4ce4-a104-113541b345a1	[85]	done	22	73c03e1a-f333-11f0-808a-438f0af4b9e9	2026-08-14T15:53:49Z	vol_3/chinese/[1]缘起篇 - 部分（甲）/[76]依烦恼轮、业轮、异熟轮之力的收摄方式/[85]业差别与果报差别.md	
171b4d07-db34-4c41-9db7-dc145396f215	[86]	done	11	73c03e1a-f333-11f0-808a-438f0af4b9e9	2026-08-14T15:53:55Z	vol_3/chinese/[1]缘起篇 - 部分（甲）/[76]依烦恼轮、业轮、异熟轮之力的收摄方式/[86]应遵守的一项规则.md	
a04dff0f-7f55-4271-9979-d2c4d2a96f79	[88]a	done	9	73c03e1a-f333-11f0-808a-438f0af4b9e9	2026-08-14T15:53:59Z	vol_3/chinese/[1]缘起篇 - 部分（甲）/[88]重启用功、焕发新力的方式/[88]a 重启用功、焕发新力的方式.md	
0b7563eb-023a-46fa-928e-05d1e5d96c8a	[88]b	done	22	73c03e1a-f333-11f0-808a-438f0af4b9e9	2026-08-14T15:54:04Z	vol_3/chinese/[1]缘起篇 - 部分（甲）/[88]重启用功、焕发新力的方式/[88]b 直接寻找过去因法.md	
a8f86656-c72a-47eb-bbc5-4f85b8a80d30	[89]a	done	8	73c03e1a-f333-11f0-808a-438f0af4b9e9	2026-08-14T15:54:09Z	vol_3/chinese/[1]缘起篇 - 部分（甲）/[88]重启用功、焕发新力的方式/[89]a 从中间到开端.md	
d811483b-c472-4078-a39b-6853a5eacd33	[89]b	done	16	73c03e1a-f333-11f0-808a-438f0af4b9e9	2026-08-14T15:54:14Z	vol_3/chinese/[1]缘起篇 - 部分（甲）/[88]重启用功、焕发新力的方式/[89]b 从果报轮四种食开始收摄的方式.md	
5d239cd6-ea45-4b4d-afab-5fcf6d2a9010	[90]	done	46	73c03e1a-f333-11f0-808a-438f0af4b9e9	2026-08-14T15:54:20Z	vol_3/chinese/[1]缘起篇 - 部分（甲）/[88]重启用功、焕发新力的方式/[90] 从业轮四种食开始收摄的方式.md	
555f916b-5226-41a1-a2a5-19c23ab88be8	[92]a	done	19	73c03e1a-f333-11f0-808a-438f0af4b9e9	2026-08-14T15:54:25Z	vol_3/chinese/[1]缘起篇 - 部分（甲）/[88]重启用功、焕发新力的方式/[92]a 三种烦恼轮.md	
08153a41-deaa-4580-8887-50d5d0cb2516	[92]b	done	20	73c03e1a-f333-11f0-808a-438f0af4b9e9	2026-08-14T15:54:30Z	vol_3/chinese/[1]缘起篇 - 部分（甲）/[88]重启用功、焕发新力的方式/[92]b 两种业轮.md	
10ee7ec7-43f4-4eb4-a5c1-40fc09935e7e	[93]	done	5	73c03e1a-f333-11f0-808a-438f0af4b9e9	2026-08-14T15:54:34Z	vol_3/chinese/[1]缘起篇 - 部分（甲）/[88]重启用功、焕发新力的方式/[93] 应树立为标准的准绳.md	
fbf8cef6-f5c3-42cb-9854-f1cd6ec80434	[94]	done	66	73c03e1a-f333-11f0-808a-438f0af4b9e9	2026-08-14T15:54:42Z	vol_3/chinese/[1]缘起篇 - 部分（甲）/[88]重启用功、焕发新力的方式/[94] 把智引向过去.md	
2e49652c-3d45-461c-8984-de0a0c63c628	[96]	done	6	73c03e1a-f333-11f0-808a-438f0af4b9e9	2026-08-14T15:54:46Z	vol_3/chinese/[1]缘起篇 - 部分（甲）/[88]重启用功、焕发新力的方式/[96] 烦恼轮、业轮众多时.md	
2b13d369-3b89-4057-9245-fcecdfc76ab4	[97]	done	24	73c03e1a-f333-11f0-808a-438f0af4b9e9	2026-08-14T15:54:51Z	vol_3/chinese/[1]缘起篇 - 部分（甲）/[88]重启用功、焕发新力的方式/[97] 值得追问的一点.md	
d70a409e-2c52-42e2-8fe5-e3c10f558397	[98]	done	106	73c03e1a-f333-11f0-808a-438f0af4b9e9	2026-08-14T15:55:03Z	vol_3/chinese/[1]缘起篇 - 部分（甲）/[88]重启用功、焕发新力的方式/[98] 禅修者常会遇到的一种现象.md	
3858f1bc-862e-443e-bd16-abe3e242f3db	[104]	done	81	73c03e1a-f333-11f0-808a-438f0af4b9e9	2026-08-14T15:55:13Z	vol_3/chinese/[1]缘起篇 - 部分（甲）/[88]重启用功、焕发新力的方式/[104] 已抵达羯罗蓝清水.md	
d1d6e474-8c82-4218-a3f5-44e23ee07872	[107]	done	34	73c03e1a-f333-11f0-808a-438f0af4b9e9	2026-08-14T15:55:19Z	vol_3/chinese/[1]缘起篇 - 部分（甲）/[88]重启用功、焕发新力的方式/[107] 多数禅修者常见到的情形.md	
3b9bcd7d-7bb4-4400-a7ad-774f26752244	[109]	done	17	73c03e1a-f333-11f0-808a-438f0af4b9e9	2026-08-14T15:55:23Z	vol_3/chinese/[1]缘起篇 - 部分（甲）/[88]重启用功、焕发新力的方式/[109] 缘由.md	
309e5947-833f-43b7-9a41-c6ce0974fd35	[110]a	done	7	73c03e1a-f333-11f0-808a-438f0af4b9e9	2026-08-14T15:55:27Z	vol_3/chinese/[1]缘起篇 - 部分（甲）/[88]重启用功、焕发新力的方式/[110]a 如何相干.md	
b9d04e27-f1d1-416f-b09b-1f76fed0790e	[110]b	done	17	73c03e1a-f333-11f0-808a-438f0af4b9e9	2026-08-14T15:55:32Z	vol_3/chinese/[1]缘起篇 - 部分（甲）/[88]重启用功、焕发新力的方式/[110]b 业所缘的显现方式.md	
5df05322-b6e5-421a-b5b4-6846d2b76a5e	[111]	done	24	73c03e1a-f333-11f0-808a-438f0af4b9e9	2026-08-14T15:55:37Z	vol_3/chinese/[1]缘起篇 - 部分（甲）/[88]重启用功、焕发新力的方式/[111] 寻找过去因法的方法.md	
46881b5d-5209-46f2-b6ef-a68887ca0e8c	[112]	done	21	73c03e1a-f333-11f0-808a-438f0af4b9e9	2026-08-14T15:55:42Z	vol_3/chinese/[1]缘起篇 - 部分（甲）/[88]重启用功、焕发新力的方式/[112] 理由确实是存在的.md	
ebc140d2-0cb8-4c53-9048-cd551f36ce09	[113]	done	54	73c03e1a-f333-11f0-808a-438f0af4b9e9	2026-08-14T15:55:50Z	vol_3/chinese/[1]缘起篇 - 部分（甲）/[88]重启用功、焕发新力的方式/[113] 思经摘录.md	
ccefa460-9439-411d-a4af-711e24f8bd93	[117]	done	50	73c03e1a-f333-11f0-808a-438f0af4b9e9	2026-08-14T15:55:56Z	vol_3/chinese/[1]缘起篇 - 部分（甲）/[88]重启用功、焕发新力的方式/[117] 烦恼轮与业轮.md	
71914242-e7cd-4934-b46d-124fc4e9e137	[119]a	done	12	73c03e1a-f333-11f0-808a-438f0af4b9e9	2026-08-14T15:56:00Z	vol_3/chinese/[1]缘起篇 - 部分（甲）/[88]重启用功、焕发新力的方式/[119]a 三种烦恼轮.md	
4e92809d-e1dc-4b73-96ae-66bab3169aca	[119]b	done	8	73c03e1a-f333-11f0-808a-438f0af4b9e9	2026-08-14T15:56:05Z	vol_3/chinese/[1]缘起篇 - 部分（甲）/[88]重启用功、焕发新力的方式/[119]b 两种业轮.md	
3e01b6ec-4e97-4a4c-a753-272cd7668082	[119]c	done	13	73c03e1a-f333-11f0-808a-438f0af4b9e9	2026-08-14T15:56:09Z	vol_3/chinese/[1]缘起篇 - 部分（甲）/[88]重启用功、焕发新力的方式/[119]c 彼此的所缘须相同.md	
d25f4541-aa57-4b2f-8f26-6afd6e399d86	[120]a	done	8	73c03e1a-f333-11f0-808a-438f0af4b9e9	2026-08-14T15:56:13Z	vol_3/chinese/[1]缘起篇 - 部分（甲）/[88]重启用功、焕发新力的方式/[120]a 彼此的名法须相同.md	
9b6f927c-d95b-47b1-b84e-e93258be746d	[120]b	done	3	73c03e1a-f333-11f0-808a-438f0af4b9e9	2026-08-14T15:56:47Z	vol_3/chinese/[1]缘起篇 - 部分（甲）/[88]重启用功、焕发新力的方式/[120]b 有分意清明界.md	
26bf5d6f-28ef-48f8-bd9d-43dc1920ea9f	[120]c	done	26	73c03e1a-f333-11f0-808a-438f0af4b9e9	2026-08-14T15:56:53Z	vol_3/chinese/[1]缘起篇 - 部分（甲）/[88]重启用功、焕发新力的方式/[120]c 应奉为准绳的试金石.md	
f224fa7c-3b3b-4f2f-b654-a225a990c2c8	[122]a	done	15	73c03e1a-f333-11f0-808a-438f0af4b9e9	2026-08-14T15:56:57Z	vol_3/chinese/[1]缘起篇 - 部分（甲）/[88]重启用功、焕发新力的方式/[122]a 烦恼轮的五蕴.md	
21001eac-8ec3-4619-bbc8-10af090f0b37	[122]b	done	20	73c03e1a-f333-11f0-808a-438f0af4b9e9	2026-08-14T15:57:02Z	vol_3/chinese/[1]缘起篇 - 部分（甲）/[88]重启用功、焕发新力的方式/[122]b 业轮的五蕴.md	
17ca5b27-6765-48a9-a5a9-895c383d97d2	[123]a	done	6	73c03e1a-f333-11f0-808a-438f0af4b9e9	2026-08-14T15:57:05Z	vol_3/chinese/[1]缘起篇 - 部分（甲）/[88]重启用功、焕发新力的方式/[123]a 果报轮的五蕴.md	
9b90b056-ce1c-4240-b637-bf72835d3bf8	[123]b	done	10	73c03e1a-f333-11f0-808a-438f0af4b9e9	2026-08-14T15:57:09Z	vol_3/chinese/[1]缘起篇 - 部分（甲）/[88]重启用功、焕发新力的方式/[123]b 因果关联的缘起法.md	
11ed91de-241f-46bc-ac9d-9a55e01fd129	[123]c	done	14	73c03e1a-f333-11f0-808a-438f0af4b9e9	2026-08-14T15:57:14Z	vol_3/chinese/[1]缘起篇 - 部分（甲）/[88]重启用功、焕发新力的方式/[123]c 另一种说法.md	
152ef560-4983-405f-966c-534891872cc3	[124]	done	59	73c03e1a-f333-11f0-808a-438f0af4b9e9	2026-08-14T15:57:22Z	vol_3/chinese/[1]缘起篇 - 部分（甲）/[88]重启用功、焕发新力的方式/[124] 法住智.md	
5dc00681-3479-4dff-a172-9005dcdb9b89	[128]a	done	2	73c03e1a-f333-11f0-808a-438f0af4b9e9	2026-08-14T15:57:26Z	vol_3/chinese/[1]缘起篇 - 部分（甲）/[88]重启用功、焕发新力的方式/[128]a 所谓五蕴.md	
a6ae7be8-c8e3-4d2e-a503-63172722eca4	[128]b	done	25	73c03e1a-f333-11f0-808a-438f0af4b9e9	2026-08-14T15:57:31Z	vol_3/chinese/[1]缘起篇 - 部分（甲）/[88]重启用功、焕发新力的方式/[128]b 各个烦恼轮与各个业轮互不相同.md	
2ac6e0da-08e8-4930-b2d1-71e49a3a18b7	[130]	done	14	73c03e1a-f333-11f0-808a-438f0af4b9e9	2026-08-14T15:57:36Z	vol_3/chinese/[1]缘起篇 - 部分（甲）/[88]重启用功、焕发新力的方式/[130] 苏玛娜公主的往昔发愿.md	
933d41df-08c4-4877-a938-139cb6f1d40b	[131]	done	20	73c03e1a-f333-11f0-808a-438f0af4b9e9	2026-08-14T15:57:41Z	vol_3/chinese/[1]缘起篇 - 部分（甲）/[88]重启用功、焕发新力的方式/[131] 乌玛丹蒂的过去誓愿.md	
4d9af60c-02ec-4c19-be3a-d38bb8fb4dff	[132]	done	38	73c03e1a-f333-11f0-808a-438f0af4b9e9	2026-08-14T15:57:47Z	vol_3/chinese/[1]缘起篇 - 部分（甲）/[88]重启用功、焕发新力的方式/[132] 帕巴瓦帝的往昔发愿.md	
908c1332-9791-40c8-ba62-31559b5d73f9	[133]	done	48	73c03e1a-f333-11f0-808a-438f0af4b9e9	2026-08-14T15:57:53Z	vol_3/chinese/[1]缘起篇 - 部分（甲）/[88]重启用功、焕发新力的方式/[133] 古沙王的往昔发愿.md	
6d9dc38c-95f3-4baa-9016-c4639a1553e7	[138]	done	58	73c03e1a-f333-11f0-808a-438f0af4b9e9	2026-08-14T15:58:02Z	vol_3/chinese/[1]缘起篇 - 部分（甲）/[88]重启用功、焕发新力的方式/[138] 善贤王后的发愿章.md	
260a3877-1069-4bbc-b160-538fbfc91e3c	[139]	done	34	73c03e1a-f333-11f0-808a-438f0af4b9e9	2026-08-14T15:58:08Z	vol_3/chinese/[1]缘起篇 - 部分（甲）/[88]重启用功、焕发新力的方式/[139] 大红莲独觉佛的菩萨——良家女子的发愿.md	
beff64b6-8929-445e-8571-22c09cac1e23	[141]a	done	1	73c03e1a-f333-11f0-808a-438f0af4b9e9	2026-08-14T15:58:13Z	vol_3/chinese/[1]缘起篇 - 部分（甲）/[141]相的显现 部分/[141]a 相的显现 部分.md	
55e4d43b-fb4d-4edd-b6d2-862672d76c5a	[141]b	done	48	73c03e1a-f333-11f0-808a-438f0af4b9e9	2026-08-14T15:58:20Z	vol_3/chinese/[1]缘起篇 - 部分（甲）/[141]相的显现 部分/[141]b 业 - 业相 - 趣相.md	
3eb8edd9-b080-47cf-aa40-48ba2592f6cf	[143]a	done	5	73c03e1a-f333-11f0-808a-438f0af4b9e9	2026-08-14T15:58:24Z	vol_3/chinese/[1]缘起篇 - 部分（甲）/[141]相的显现 部分/[143]a 守护者西瓦离.md	
7373991a-3abb-4f9d-a27b-3146c01ee96d	[143]b	done	39	73c03e1a-f333-11f0-808a-438f0af4b9e9	2026-08-14T15:58:33Z	vol_3/chinese/[1]缘起篇 - 部分（甲）/[141]相的显现 部分/[143]b 白色业相.md	
bdac5d43-712a-43d3-99c8-88f5a7eab7f1	[145]	done	12	73c03e1a-f333-11f0-808a-438f0af4b9e9	2026-08-14T15:58:37Z	vol_3/chinese/[1]缘起篇 - 部分（甲）/[141]相的显现 部分/[145] 死殁生起的四种方式.md	
bfd387e7-24eb-437e-bb2d-6ab4e224d88d	[146]	done	21	73c03e1a-f333-11f0-808a-438f0af4b9e9	2026-08-14T15:58:42Z	vol_3/chinese/[1]缘起篇 - 部分（甲）/[141]相的显现 部分/[146] 昏乱时死＝剧烈昏乱纷扰而死.md	
f08eb475-2b79-4358-a061-2b21fc27a104	[147]	done	27	73c03e1a-f333-11f0-808a-438f0af4b9e9	2026-08-14T15:58:47Z	vol_3/chinese/[1]缘起篇 - 部分（甲）/[141]相的显现 部分/[147] 被沉入水中杀害的人.md	
a34c1313-ec30-4b16-a56f-16d6f390b21a	[148]	done	14	73c03e1a-f333-11f0-808a-438f0af4b9e9	2026-08-14T15:58:52Z	vol_3/chinese/[1]缘起篇 - 部分（甲）/[141]相的显现 部分/[148] 速死＝迅速地死亡.md	
e2558237-753c-4771-ab33-62b324c481a9	[149]	done	40	73c03e1a-f333-11f0-808a-438f0af4b9e9	2026-08-14T15:58:58Z	vol_3/chinese/[1]缘起篇 - 部分（甲）/[141]相的显现 部分/[149] 根本复注的解说理由.md	
7dd49f18-f305-4a77-8823-fb341f2f0f0d	[151]	done	40	73c03e1a-f333-11f0-808a-438f0af4b9e9	2026-08-14T15:59:04Z	vol_3/chinese/[1]缘起篇 - 部分（甲）/[141]相的显现 部分/[151] 趣相.md	
aa6d9358-8ecf-421a-996e-5e168c5eb27b	[153]a	done	8	73c03e1a-f333-11f0-808a-438f0af4b9e9	2026-08-14T15:59:39Z	vol_3/chinese/[1]缘起篇 - 部分（甲）/[141]相的显现 部分/[153]a 究竟意灯的主张.md	
5239c08b-1143-4a89-a1eb-1976457c9c89	[153]b	done	19	73c03e1a-f333-11f0-808a-438f0af4b9e9	2026-08-14T15:59:44Z	vol_3/chinese/[1]缘起篇 - 部分（甲）/[141]相的显现 部分/[153]b 显现趣相者.md	
4c62f6ad-9b4b-46b1-b18d-a7af57808e61	[155]	done	1	73c03e1a-f333-11f0-808a-438f0af4b9e9	2026-08-14T15:59:47Z	vol_3/chinese/[1]缘起篇 - 部分（甲）/[155]关于结生应知之事/[155] 关于结生(paṭisandhi)应知之事.md	
ef465f2e-0b92-4f63-a2ba-d1f216a1af52	[155]b	done	22	73c03e1a-f333-11f0-808a-438f0af4b9e9	2026-08-14T15:59:53Z	vol_3/chinese/[1]缘起篇 - 部分（甲）/[155]关于结生应知之事/[155]b 结生的种类与相应的界地1.md	
3cc258e8-6721-47f3-9a51-4b6d3ecfeb7b	[156]	done	22	73c03e1a-f333-11f0-808a-438f0af4b9e9	2026-08-14T15:59:57Z	vol_3/chinese/[1]缘起篇 - 部分（甲）/[155]关于结生应知之事/[156] 四、另一种说法：结生的所缘三种.md	
02166bf5-2851-47f1-a99b-691e5e16c72d	[157]	done	46	73c03e1a-f333-11f0-808a-438f0af4b9e9	2026-08-14T16:00:04Z	vol_3/chinese/[1]缘起篇 - 部分（甲）/[155]关于结生应知之事/[157]从欲善趣转向恶趣之情形.md	
c93a6301-9b71-4d62-9e03-2aad51f3e950	[160]	done	4	73c03e1a-f333-11f0-808a-438f0af4b9e9	2026-08-14T16:00:08Z	vol_3/chinese/[1]缘起篇 - 部分（甲）/[155]关于结生应知之事/[160] 阿拉汉圣者们.md	
e95a0330-67f8-4104-97f6-04e9ea082970	[160]b	done	18	73c03e1a-f333-11f0-808a-438f0af4b9e9	2026-08-14T16:00:15Z	vol_3/chinese/[1]缘起篇 - 部分（甲）/[155]关于结生应知之事/[160]b 恶趣趣相.md	
dcc5ec9c-0899-4162-825a-d794a486d7f7	[161]	done	8	73c03e1a-f333-11f0-808a-438f0af4b9e9	2026-08-14T16:00:21Z	vol_3/chinese/[1]缘起篇 - 部分（甲）/[155]关于结生应知之事/[161]地狱火焰.md	
c96e780c-ae51-4f74-98cc-b352c150ad46	[167]	done	40	73c03e1a-f333-11f0-808a-438f0af4b9e9	2026-08-14T16:00:32Z	vol_3/chinese/[1]缘起篇 - 部分（甲）/[155]关于结生应知之事/[167] 从恶趣到善趣.md	
2834350f-bcf3-4ab0-a44f-617b78e5ba1c	[169]a	done	7	73c03e1a-f333-11f0-808a-438f0af4b9e9	2026-08-14T16:00:35Z	vol_3/chinese/[1]缘起篇 - 部分（甲）/[155]关于结生应知之事/[169]a 有分之所缘.md	
0f674c3d-95fe-4d4b-a80a-2c52b3c72c12	[169]b	done	47	73c03e1a-f333-11f0-808a-438f0af4b9e9	2026-08-14T16:00:45Z	vol_3/chinese/[1]缘起篇 - 部分（甲）/[155]关于结生应知之事/[169]b 从善趣到善趣.md	
12200072-903d-4845-af3e-df156de85c5c	[172]	done	24	73c03e1a-f333-11f0-808a-438f0af4b9e9	2026-08-14T16:00:53Z	vol_3/chinese/[1]缘起篇 - 部分（甲）/[155]关于结生应知之事/[172] 以现在为所缘的结生.md	
ef199702-f9d5-40e2-8716-583745bb0436	[174]	done	15	73c03e1a-f333-11f0-808a-438f0af4b9e9	2026-08-14T16:00:58Z	vol_3/chinese/[1]缘起篇 - 部分（甲）/[155]关于结生应知之事/[174]观业的所缘 = 业相.md	
31308f3d-f494-4e32-9ae4-bfdde9dfe177	[174]a	done	7	73c03e1a-f333-11f0-808a-438f0af4b9e9	2026-08-14T16:01:02Z	vol_3/chinese/[1]缘起篇 - 部分（甲）/[155]关于结生应知之事/[174]a 供养佛陀.md	
4c05447c-dc88-4f19-90cb-100e0a41014f	[174]b	done	28	73c03e1a-f333-11f0-808a-438f0af4b9e9	2026-08-14T16:01:13Z	vol_3/chinese/[1]缘起篇 - 部分（甲）/[155]关于结生应知之事/[174]b 从色界到欲善趣界、色界、非色界.md	
3959425d-75e1-47d9-9cd1-f93f1852bcb4	[176]	done	41	73c03e1a-f333-11f0-808a-438f0af4b9e9	2026-08-14T16:01:20Z	vol_3/chinese/[1]缘起篇 - 部分（甲）/[155]关于结生应知之事/[176] 从无色界到无色界，欲善趣地.md	
f9fa8710-97d7-4977-95bf-4cb109c3c4c3	[178]a	done	14	73c03e1a-f333-11f0-808a-438f0af4b9e9	2026-08-14T16:01:24Z	vol_3/chinese/[1]缘起篇 - 部分（甲）/[155]关于结生应知之事/[178]a 纯居天——不再有，色究竟——无重复.md	
839e9172-3aee-4f2e-816c-ae4ba6d73a51	[180]a	done	14	73c03e1a-f333-11f0-808a-438f0af4b9e9	2026-08-14T16:01:32Z	vol_3/chinese/[1]缘起篇 - 部分（甲）/[155]关于结生应知之事/[180]a 从恶趣到恶趣.md	
86b788fa-70db-43a9-ad4f-ddedd3410170	[180]b	done	8	73c03e1a-f333-11f0-808a-438f0af4b9e9	2026-08-14T16:02:07Z	vol_3/chinese/[1]缘起篇 - 部分（甲）/[155]关于结生应知之事/[180]b 异刹那与强依止.md	
d2dec3ec-cf83-4a00-9827-5367e1a1ec23	[181]	done	28	73c03e1a-f333-11f0-808a-438f0af4b9e9	2026-08-14T16:02:13Z	vol_3/chinese/[1]缘起篇 - 部分（甲）/[155]关于结生应知之事/[181] 结生的种类.md	
f1ad8f1f-d8c1-471e-8a91-06144f7785c1	[182]a	done	9	73c03e1a-f333-11f0-808a-438f0af4b9e9	2026-08-14T16:02:18Z	vol_3/chinese/[1]缘起篇 - 部分（甲）/[155]关于结生应知之事/[182]a 羯罗蓝清水.md	
bd7e7f42-f288-4e88-9bc2-3ead919b3be5	[182]b	done	37	73c03e1a-f333-11f0-808a-438f0af4b9e9	2026-08-14T16:02:24Z	vol_3/chinese/[1]缘起篇 - 部分（甲）/[155]关于结生应知之事/[182]b 生与趣.md	
6043020e-1093-4cad-84ad-a6dd1e52f525	[184]	done	16	73c03e1a-f333-11f0-808a-438f0af4b9e9	2026-08-14T16:02:30Z	vol_3/chinese/[1]缘起篇 - 部分（甲）/[155]关于结生应知之事/[184]再复注的解答.md	
447a77f2-646e-4434-8561-62ec57c205c3	[185]	done	6	73c03e1a-f333-11f0-808a-438f0af4b9e9	2026-08-14T16:02:34Z	vol_3/chinese/[1]缘起篇 - 部分（甲）/[155]关于结生应知之事/[185] 眼十法聚.md	
892c7df1-30ee-473b-b9d3-d23e6c1d8207	[185]b	done	84	73c03e1a-f333-11f0-808a-438f0af4b9e9	2026-08-14T16:02:46Z	vol_3/chinese/[1]缘起篇 - 部分（甲）/[155]关于结生应知之事/[185]b 根本复注与再复注的见解.md	
63d73b3a-2997-4887-a153-ea76c8c302c9	[190]	done	5	73c03e1a-f333-11f0-808a-438f0af4b9e9	2026-08-14T16:02:55Z	vol_3/chinese/[1]缘起篇 - 部分（甲）/[155]关于结生应知之事/[190] 只是应当审察的事项.md	
1bd0ce90-f65d-4ed4-88b1-7faba30802fd	[191]	build_error	0	73c03e1a-f333-11f0-808a-438f0af4b9e9	2026-08-14T16:02:58Z	vol_3/chinese/[1]缘起篇 - 部分（甲）/[155]关于结生应知之事/[191] (甲) 具四蕴的无色界彼此之间1.md	分段行数不一致（远端 11 段 / 本地 10 段；第一处不同在第 6 段：远端 1 行、本地 4 行）
9632085b-5271-405c-b203-e7fabefd2cd6	[193]	done	2	73c03e1a-f333-11f0-808a-438f0af4b9e9	2026-08-14T16:03:02Z	vol_3/chinese/[1]缘起篇 - 部分（甲）/[155]关于结生应知之事/[193] 应反向配对之义.md	
58534ede-1878-47cc-9445-bd0f44401e23	[194]a	done	10	73c03e1a-f333-11f0-808a-438f0af4b9e9	2026-08-14T16:03:07Z	vol_3/chinese/[1]缘起篇 - 部分（甲）/[155]关于结生应知之事/[194]a 不应反向配对之义.md	
7ebfa991-f641-41ce-91ed-c9be294d32ea	[194]b	done	19	73c03e1a-f333-11f0-808a-438f0af4b9e9	2026-08-14T16:03:13Z	vol_3/chinese/[1]缘起篇 - 部分（甲）/[155]关于结生应知之事/[194]b 旧有与新有.md	
fcc03e23-0ad4-48f1-bd8f-1d9f084faa2f	[196]a	done	8	73c03e1a-f333-11f0-808a-438f0af4b9e9	2026-08-14T16:03:22Z	vol_3/chinese/[1]缘起篇 - 部分（甲）/[155]关于结生应知之事/[196]a 爱令倾向 - 之义.md	
630071b7-2fd9-4817-80bb-24ac5aafec83	[196]b	done	14	73c03e1a-f333-11f0-808a-438f0af4b9e9	2026-08-14T16:03:26Z	vol_3/chinese/[1]缘起篇 - 部分（甲）/[155]关于结生应知之事/[196]b 俱生行法的抛掷.md	
2e400feb-2e01-43c8-8d01-f0ce3109b678	[197]	done	9	73c03e1a-f333-11f0-808a-438f0af4b9e9	2026-08-14T16:03:30Z	vol_3/chinese/[1]缘起篇 - 部分（甲）/[155]关于结生应知之事/[197] 从此岸到彼岸.md	
eac51788-0197-47bc-ace0-ee0cd1b0d7cf	[198]	done	41	73c03e1a-f333-11f0-808a-438f0af4b9e9	2026-08-14T16:03:37Z	vol_3/chinese/[1]缘起篇 - 部分（甲）/[155]关于结生应知之事/[198] 死殁与结生.md	
064690cb-6e2a-4dbd-828d-c5f1c22f72f3	[200]	done	14	73c03e1a-f333-11f0-808a-438f0af4b9e9	2026-08-14T16:03:41Z	vol_3/chinese/[1]缘起篇 - 部分（甲）/[155]关于结生应知之事/[200] 既无同一，亦无别异.md	
a5290ac2-cc70-4ce7-b67f-87e511bb7ed3	[201]	done	26	73c03e1a-f333-11f0-808a-438f0af4b9e9	2026-08-14T16:03:47Z	vol_3/chinese/[1]缘起篇 - 部分（甲）/[155]关于结生应知之事/[201] 可能招致的过失.md	
5436e114-7261-42c7-9682-e171377959a8	[202]	done	41	73c03e1a-f333-11f0-808a-438f0af4b9e9	2026-08-14T16:03:59Z	vol_3/chinese/[1]缘起篇 - 部分（甲）/[155]关于结生应知之事/[202]应询问之事.md	
54fa825e-9554-49ac-af84-627087a1a56f	[205]	done	10	73c03e1a-f333-11f0-808a-438f0af4b9e9	2026-08-14T16:04:04Z	vol_3/chinese/[1]缘起篇 - 部分（甲）/[155]关于结生应知之事/[205] 能感受果报者.md	
1ce97e8a-4a22-418f-bcb6-c73ebde30765	[206]	done	25	73c03e1a-f333-11f0-808a-438f0af4b9e9	2026-08-14T16:04:11Z	vol_3/chinese/[1]缘起篇 - 部分（甲）/[155]关于结生应知之事/[206] 行的显现之有无.md	
16ac43ec-ad78-4d03-a269-9821526ce396	[207]	done	57	73c03e1a-f333-11f0-808a-438f0af4b9e9	2026-08-14T16:04:22Z	vol_3/chinese/[1]缘起篇 - 部分（甲）/[155]关于结生应知之事/[207] 五种具足者 = 五种具足.md	
15562242-79ac-43f8-b102-d0c9c0d6e470	[211]	done	17	73c03e1a-f333-11f0-808a-438f0af4b9e9	2026-08-14T16:04:27Z	vol_3/chinese/[1]缘起篇 - 部分（甲）/[155]关于结生应知之事/[211] 相的变换.md	
d8b59a7b-4a88-4835-9c6f-dc58226ffac5	[213]a	done	11	73c03e1a-f333-11f0-808a-438f0af4b9e9	2026-08-14T16:04:32Z	vol_3/chinese/[1]缘起篇 - 部分（甲）/[213]四种义理趣＝四类方法/[213]a 四种义理趣＝四类方法.md	
18a5ee4c-d643-4043-aedc-88202ce51db9	[213]b	done	66	73c03e1a-f333-11f0-808a-438f0af4b9e9	2026-08-14T16:04:42Z	vol_3/chinese/[1]缘起篇 - 部分（甲）/[213]四种义理趣＝四类方法/[213]b 同一性理.md	
b9b33c49-138a-45ae-b298-7a967479b80f	[218]	done	15	73c03e1a-f333-11f0-808a-438f0af4b9e9	2026-08-14T16:04:47Z	vol_3/chinese/[1]缘起篇 - 部分（甲）/[213]四种义理趣＝四类方法/[218] 断灭见与常见.md	
8a4788a0-1bd1-454b-83fb-cfe68ac76995	[219]	done	11	73c03e1a-f333-11f0-808a-438f0af4b9e9	2026-08-14T16:06:53Z	vol_3/chinese/[1]缘起篇 - 部分（甲）/[213]四种义理趣＝四类方法/[219] 不同性理.md	
818ceff1-399f-4b3f-af2e-39ffa677b813	[220]	done	28	73c03e1a-f333-11f0-808a-438f0af4b9e9	2026-08-14T16:06:58Z	vol_3/chinese/[1]缘起篇 - 部分（甲）/[213]四种义理趣＝四类方法/[220] 断灭见如何生起.md	
ed3eec8e-1ac4-40a2-b09f-dfb0ba45b223	[222]a	done	8	73c03e1a-f333-11f0-808a-438f0af4b9e9	2026-08-14T16:07:03Z	vol_3/chinese/[1]缘起篇 - 部分（甲）/[213]四种义理趣＝四类方法/[222]a 所谓自然定法.md	
4c373aee-aaeb-4ff9-9fdf-cbc268c9cc06	[222]b	done	34	73c03e1a-f333-11f0-808a-438f0af4b9e9	2026-08-14T16:07:09Z	vol_3/chinese/[1]缘起篇 - 部分（甲）/[213]四种义理趣＝四类方法/[222]b 如是法性理.md	
9a66f534-cf57-4466-ab64-e1dabdb6e32f	[226]	done	41	73c03e1a-f333-11f0-808a-438f0af4b9e9	2026-08-14T16:07:15Z	vol_3/chinese/[1]缘起篇 - 部分（甲）/[213]四种义理趣＝四类方法/[226] 轮回戏台上的种种际遇.md	
a19013a8-0192-4d3f-a980-cce36f57bd38	[228]	done	10	73c03e1a-f333-11f0-808a-438f0af4b9e9	2026-08-14T16:07:19Z	vol_3/chinese/[1]缘起篇 - 部分（甲）/[213]四种义理趣＝四类方法/[228] 不生灭尽的本质.md	
efda4cd6-8195-4062-af0e-a104cc23f722	[229]	done	134	73c03e1a-f333-11f0-808a-438f0af4b9e9	2026-08-14T16:07:33Z	vol_3/chinese/[1]缘起篇 - 部分（甲）/[213]四种义理趣＝四类方法/[229] 请注意并牢记.md	
5b230557-034a-48b9-af9d-e86271640ee3	[235]a	done	12	73c03e1a-f333-11f0-808a-438f0af4b9e9	2026-08-14T16:07:38Z	vol_3/chinese/[1]缘起篇 - 部分（甲）/[213]四种义理趣＝四类方法/[235]a 未来的因与果.md	
9f26a21d-fb08-4f74-8174-72756203b5e9	[235]b	done	11	73c03e1a-f333-11f0-808a-438f0af4b9e9	2026-08-14T16:07:42Z	vol_3/chinese/[1]缘起篇 - 部分（甲）/[213]四种义理趣＝四类方法/[235]b 未来生是否必定会发生.md	
2b29e3c9-5afa-473a-a999-f3aa1ad0da30	[236]	done	31	73c03e1a-f333-11f0-808a-438f0af4b9e9	2026-08-14T16:07:48Z	vol_3/chinese/[1]缘起篇 - 部分（甲）/[213]四种义理趣＝四类方法/[236] 为何必须观照未来？.md	
17496571-6df3-4a3b-ab11-d04ea61c2e13	[238]a	done	5	73c03e1a-f333-11f0-808a-438f0af4b9e9	2026-08-14T16:07:52Z	vol_3/chinese/[1]缘起篇 - 部分（甲）/[213]四种义理趣＝四类方法/[238]a 清净之道义注的指示.md	
71cac4e8-0a8c-4f5d-ac9f-21c705da1d1f	[238]b	done	15	73c03e1a-f333-11f0-808a-438f0af4b9e9	2026-08-14T16:07:56Z	vol_3/chinese/[1]缘起篇 - 部分（甲）/[213]四种义理趣＝四类方法/[238]b 应特别注意地收摄.md	
045c0376-b9ca-4a45-9c84-0dcf86af86a6	[239]a	done	16	73c03e1a-f333-11f0-808a-438f0af4b9e9	2026-08-14T16:08:01Z	vol_3/chinese/[1]缘起篇 - 部分（甲）/[213]四种义理趣＝四类方法/[239]a 三因-二因-悦-舍.md	
2a1fac36-ea4a-462b-9031-557c78a5fc38	[239]b	done	46	73c03e1a-f333-11f0-808a-438f0af4b9e9	2026-08-14T16:08:07Z	vol_3/chinese/[1]缘起篇 - 部分（甲）/[213]四种义理趣＝四类方法/[239]b 收摄因与果的种种方式.md	
99313da7-2d58-40ba-927a-82a7169660c0	[242]	done	9	73c03e1a-f333-11f0-808a-438f0af4b9e9	2026-08-14T16:08:14Z	vol_3/chinese/[1]缘起篇 - 部分（甲）/[213]四种义理趣＝四类方法/[242] 缘起法第五法.md	
fddb3f3f-da7f-40ed-b612-ebbae65251ec	[243]	done	31	73c03e1a-f333-11f0-808a-438f0af4b9e9	2026-08-14T16:08:22Z	vol_3/chinese/[1]缘起篇 - 部分（甲）/[213]四种义理趣＝四类方法/[243] 须预先记住的要点.md	
43afabbb-2ec4-42ec-bd02-fe62f8c488d0	[244]	done	28	73c03e1a-f333-11f0-808a-438f0af4b9e9	2026-08-14T16:08:28Z	vol_3/chinese/[1]缘起篇 - 部分（甲）/[213]四种义理趣＝四类方法/[244] 触--名色.md	
9f058a9f-ac59-46c8-b0c2-63131000e852	[246]	done	25	73c03e1a-f333-11f0-808a-438f0af4b9e9	2026-08-14T16:08:34Z	vol_3/chinese/[1]缘起篇 - 部分（甲）/[213]四种义理趣＝四类方法/[246] 一心刹那 - 种种心刹那.md	
a5c5adb1-5fc2-4c8e-a29a-472f7f1f28a7	[247]a	done	6	73c03e1a-f333-11f0-808a-438f0af4b9e9	2026-08-14T16:08:42Z	vol_3/chinese/[1]缘起篇 - 部分（甲）/[213]四种义理趣＝四类方法/[247]a 过去因与现在因.md	
394aeb76-aa2f-4057-ac55-b1bcd0c940b8	[247]b	done	1	73c03e1a-f333-11f0-808a-438f0af4b9e9	2026-08-14T16:08:46Z	vol_3/chinese/[1]缘起篇 - 部分（甲）/[247]因果的收摄方式 - 把握诸缘之智篇/[247]b 因果的收摄方式 - 把握诸缘之智篇.md	
d2fae87b-0259-47bf-a86a-82f09b56a99f	[247]c	done	29	73c03e1a-f333-11f0-808a-438f0af4b9e9	2026-08-14T16:08:52Z	vol_3/chinese/[1]缘起篇 - 部分（甲）/[247]因果的收摄方式 - 把握诸缘之智篇/[247]c （羯罗蓝净水初住之际）结生蕴.md	
3689dc37-b8f2-4b34-a058-c3ad16a3526e	[249]	done	24	73c03e1a-f333-11f0-808a-438f0af4b9e9	2026-08-14T16:08:57Z	vol_3/chinese/[1]缘起篇 - 部分（甲）/[247]因果的收摄方式 - 把握诸缘之智篇/[249] 结生色蕴.md	
acb47386-044b-40c7-ac8e-f03704bcb879	[250]	done	27	73c03e1a-f333-11f0-808a-438f0af4b9e9	2026-08-14T16:09:02Z	vol_3/chinese/[1]缘起篇 - 部分（甲）/[247]因果的收摄方式 - 把握诸缘之智篇/[250] 结生受蕴.md	
b2826359-3e74-4572-b30b-ea5daf3bc2f9	[251]	done	22	73c03e1a-f333-11f0-808a-438f0af4b9e9	2026-08-14T16:09:07Z	vol_3/chinese/[1]缘起篇 - 部分（甲）/[247]因果的收摄方式 - 把握诸缘之智篇/[251] 依处一词法体的把握方式.md	
1f9b0e25-0f4d-4784-aee7-4b6a08d1aeb3	[253]	done	71	73c03e1a-f333-11f0-808a-438f0af4b9e9	2026-08-14T16:09:17Z	vol_3/chinese/[1]缘起篇 - 部分（甲）/[247]因果的收摄方式 - 把握诸缘之智篇/[253] 门与依处.md	
5b36c595-8899-4eb2-bdd5-3c22b01e5311	[256]	done	11	73c03e1a-f333-11f0-808a-438f0af4b9e9	2026-08-14T16:09:21Z	vol_3/chinese/[1]缘起篇 - 部分（甲）/[247]因果的收摄方式 - 把握诸缘之智篇/[256] 结生想蕴.md	
39f4d8fd-fd84-4a29-a3ad-31cf6670e9ab	[256]b	done	50	73c03e1a-f333-11f0-808a-438f0af4b9e9	2026-08-14T16:09:28Z	vol_3/chinese/[1]缘起篇 - 部分（甲）/[247]因果的收摄方式 - 把握诸缘之智篇/[256]b 结生行蕴（第一种方法）.md	
cbee9658-8dd5-4a33-adce-dbc252bc09fe	[258]	done	51	73c03e1a-f333-11f0-808a-438f0af4b9e9	2026-08-14T16:09:36Z	vol_3/chinese/[1]缘起篇 - 部分（甲）/[247]因果的收摄方式 - 把握诸缘之智篇/[258] 结生识蕴.md	
09719960-003e-46a0-8f0e-babbb375bb8b	[260]	done	29	73c03e1a-f333-11f0-808a-438f0af4b9e9	2026-08-14T16:09:42Z	vol_3/chinese/[1]缘起篇 - 部分（甲）/[247]因果的收摄方式 - 把握诸缘之智篇/[260] 有分五蕴.md	
f14cb942-dbf1-4092-8fed-28252512a893	[261]	done	8	73c03e1a-f333-11f0-808a-438f0af4b9e9	2026-08-14T16:09:46Z	vol_3/chinese/[1]缘起篇 - 部分（甲）/[247]因果的收摄方式 - 把握诸缘之智篇/[261] 六门、四十二身分 - 色蕴.md	
ca267b8a-c456-46ac-a163-bc63043e8923	[262]	done	81	73c03e1a-f333-11f0-808a-438f0af4b9e9	2026-08-14T16:09:56Z	vol_3/chinese/[1]缘起篇 - 部分（甲）/[247]因果的收摄方式 - 把握诸缘之智篇/[262] 有分受蕴.md	
232855c5-8e66-4fad-8e3e-7e461ca04ec1	[265]	done	67	73c03e1a-f333-11f0-808a-438f0af4b9e9	2026-08-14T16:10:06Z	vol_3/chinese/[1]缘起篇 - 部分（甲）/[247]因果的收摄方式 - 把握诸缘之智篇/[265] 色所缘颜色线 - 五门转向.md	
c36c09de-56ce-42c8-a8cc-0cf8c48ffff3	[268]	done	47	73c03e1a-f333-11f0-808a-438f0af4b9e9	2026-08-14T16:10:14Z	vol_3/chinese/[1]缘起篇 - 部分（甲）/[247]因果的收摄方式 - 把握诸缘之智篇/[268] 色所缘线 - 眼识.md	
fbc42d8d-a5ab-4b85-b14a-9b90c146e80c	[270]	done	46	73c03e1a-f333-11f0-808a-438f0af4b9e9	2026-08-14T16:10:22Z	vol_3/chinese/[1]缘起篇 - 部分（甲）/[247]因果的收摄方式 - 把握诸缘之智篇/[270] 所谓作意.md	
f590d0ee-50e7-4f21-8d71-66fdb6a37145	[272]	done	54	73c03e1a-f333-11f0-808a-438f0af4b9e9	2026-08-14T16:10:31Z	vol_3/chinese/[1]缘起篇 - 部分（甲）/[247]因果的收摄方式 - 把握诸缘之智篇/[272] 色所缘线 - 领受（＝接受）（5）蕴.md	
26519793-520a-4638-a956-e3306dee8ce9	[274]	done	47	73c03e1a-f333-11f0-808a-438f0af4b9e9	2026-08-14T16:10:37Z	vol_3/chinese/[1]缘起篇 - 部分（甲）/[247]因果的收摄方式 - 把握诸缘之智篇/[274] 色所缘线 - 推度（＝查察）（5）蕴.md	
21fe2597-6be9-4f70-8b26-33401f254fd8	[276]	done	39	73c03e1a-f333-11f0-808a-438f0af4b9e9	2026-08-14T16:10:43Z	vol_3/chinese/[1]缘起篇 - 部分（甲）/[247]因果的收摄方式 - 把握诸缘之智篇/[276] 色所缘线 - 确定（＝决定）.md	
c2c77151-19dd-4b26-9704-174f3d1551c3	[278]a	done	11	73c03e1a-f333-11f0-808a-438f0af4b9e9	2026-08-14T16:10:47Z	vol_3/chinese/[1]缘起篇 - 部分（甲）/[247]因果的收摄方式 - 把握诸缘之智篇/[278]a 色所缘线 - 善速行蕴（5）.md	
4d141fa7-5688-4f44-a677-fb854e9b2afe	[278]b	done	74	73c03e1a-f333-11f0-808a-438f0af4b9e9	2026-08-14T16:10:56Z	vol_3/chinese/[1]缘起篇 - 部分（甲）/[247]因果的收摄方式 - 把握诸缘之智篇/[278]b 色所缘线 - 善第一速行 - 受.md	
0f037d3b-b805-4ffe-b64a-22ba82a6f233	[281]a	done	18	73c03e1a-f333-11f0-808a-438f0af4b9e9	2026-08-14T16:11:01Z	vol_3/chinese/[1]缘起篇 - 部分（甲）/[247]因果的收摄方式 - 把握诸缘之智篇/[281]a 色所缘线 - 善第二速行 - 受蕴（眼门心路）1.md	
8fcf7afc-365e-4dc6-bd8d-bf67057c41b0	[281]b	done	50	73c03e1a-f333-11f0-808a-438f0af4b9e9	2026-08-14T16:11:08Z	vol_3/chinese/[1]缘起篇 - 部分（甲）/[247]因果的收摄方式 - 把握诸缘之智篇/[281]b 色所缘线 - 第一彼所缘（5）蕴（眼门心路）1.md	
dbe570a7-2fcc-466a-aa64-5d3ac8dd9fa4	[283]	done	17	73c03e1a-f333-11f0-808a-438f0af4b9e9	2026-08-14T16:11:12Z	vol_3/chinese/[1]缘起篇 - 部分（甲）/[247]因果的收摄方式 - 把握诸缘之智篇/[283] 一般应记事项.md	
dbae5575-c33a-4dcc-b6cb-94a5e7e4d456	[284]a	done	13	73c03e1a-f333-11f0-808a-438f0af4b9e9	2026-08-14T16:11:16Z	vol_3/chinese/[1]缘起篇 - 部分（甲）/[247]因果的收摄方式 - 把握诸缘之智篇/[284]a 色所缘线 - 第二彼所缘 - 受.md	
a03a2fcd-5f26-4e89-9b39-a28b138ac934	[284]b	done	38	73c03e1a-f333-11f0-808a-438f0af4b9e9	2026-08-14T16:11:22Z	vol_3/chinese/[1]缘起篇 - 部分（甲）/[247]因果的收摄方式 - 把握诸缘之智篇/[284]b 取色所缘的意门心路.md	
7915accc-6287-49a9-8829-721890c382de	[286]	done	15	73c03e1a-f333-11f0-808a-438f0af4b9e9	2026-08-14T16:11:27Z	vol_3/chinese/[1]缘起篇 - 部分（甲）/[247]因果的收摄方式 - 把握诸缘之智篇/[286] 有分意触.md	
fac754d4-fd69-4cb4-9ed6-177e489c1543	[287]	done	14	73c03e1a-f333-11f0-808a-438f0af4b9e9	2026-08-14T16:11:31Z	vol_3/chinese/[1]缘起篇 - 部分（甲）/[247]因果的收摄方式 - 把握诸缘之智篇/[287] 色所缘线 - 意门心路 - 善第二速行 - 受蕴.md	
2e4c4725-24dc-4674-b5ab-3065ca7a5a37	[287]a	done	8	73c03e1a-f333-11f0-808a-438f0af4b9e9	2026-08-14T16:11:35Z	vol_3/chinese/[1]缘起篇 - 部分（甲）/[247]因果的收摄方式 - 把握诸缘之智篇/[287]a 色所缘线 - 意门心路 - 善第一速行 - 受蕴.md	
a9fd4757-8b38-45cc-8319-7e633361a977	[288]	done	14	73c03e1a-f333-11f0-808a-438f0af4b9e9	2026-08-14T16:11:40Z	vol_3/chinese/[1]缘起篇 - 部分（甲）/[247]因果的收摄方式 - 把握诸缘之智篇/[288] 色所缘线 - 意门心路 - 第一彼所缘.md	
936677f9-fab6-4c10-9ea9-9f64ce398d21	[289]a	done	14	73c03e1a-f333-11f0-808a-438f0af4b9e9	2026-08-14T16:11:44Z	vol_3/chinese/[1]缘起篇 - 部分（甲）/[247]因果的收摄方式 - 把握诸缘之智篇/[289]a 第七速行意触（＝34）与彼所缘.md	
ba94dece-6178-42a3-a556-7b5f833dc32c	[289]b	done	40	73c03e1a-f333-11f0-808a-438f0af4b9e9	2026-08-14T16:11:50Z	vol_3/chinese/[1]缘起篇 - 部分（甲）/[247]因果的收摄方式 - 把握诸缘之智篇/[289]b 色所缘线 - 意门心路 - 第二.md	
b22ce28c-d8dd-4d3e-b666-74759deb076f	[291]a	done	8	73c03e1a-f333-11f0-808a-438f0af4b9e9	2026-08-14T16:11:54Z	vol_3/chinese/[1]缘起篇 - 部分（甲）/[247]因果的收摄方式 - 把握诸缘之智篇/[291]a 色所缘线 - 眼门心路 - 贪.md	
0e1692ec-e6df-4f5c-801b-04a16f49eb2f	[291]b	done	23	73c03e1a-f333-11f0-808a-438f0af4b9e9	2026-08-14T16:11:59Z	vol_3/chinese/[1]缘起篇 - 部分（甲）/[247]因果的收摄方式 - 把握诸缘之智篇/[291]b 色所缘线 - 眼门心路 - 贪.md	
0c4f83d9-4523-49fd-ada0-303dd3ce2ea3	[292]	done	19	73c03e1a-f333-11f0-808a-438f0af4b9e9	2026-08-14T16:12:04Z	vol_3/chinese/[1]缘起篇 - 部分（甲）/[247]因果的收摄方式 - 把握诸缘之智篇/[292] 色所缘线 - 眼门心路 - 贪.md	
40a8c730-07c9-4dc5-9fd6-556aca07bda9	[293]a	done	10	73c03e1a-f333-11f0-808a-438f0af4b9e9	2026-08-14T16:12:08Z	vol_3/chinese/[1]缘起篇 - 部分（甲）/[247]因果的收摄方式 - 把握诸缘之智篇/[293]a 色所缘线 - 眼门心路 - 贪.md	
e89039ee-cf27-438e-a708-b5d2b0a84dc4	[293]b	done	25	73c03e1a-f333-11f0-808a-438f0af4b9e9	2026-08-14T16:12:13Z	vol_3/chinese/[1]缘起篇 - 部分（甲）/[247]因果的收摄方式 - 把握诸缘之智篇/[293]b 色所缘线 - 眼门心路 - 贪.md	
42da99a1-766f-4f6a-8092-fbaaaaf25120	[294]a	done	8	73c03e1a-f333-11f0-808a-438f0af4b9e9	2026-08-14T16:12:17Z	vol_3/chinese/[1]缘起篇 - 部分（甲）/[247]因果的收摄方式 - 把握诸缘之智篇/[294]a 色所缘线 - 意门心路 - 第一贪速行 - 受蕴.md	
1ccb683e-2cd6-4bf0-a54d-9bd4a36b01a7	[294]b	done	11	73c03e1a-f333-11f0-808a-438f0af4b9e9	2026-08-14T16:12:21Z	vol_3/chinese/[1]缘起篇 - 部分（甲）/[247]因果的收摄方式 - 把握诸缘之智篇/[294]b 色所缘线 - 意门心路 - 第二.md	
99af6377-3c65-4a3b-8f2a-025e4641f40c	[295]	done	17	73c03e1a-f333-11f0-808a-438f0af4b9e9	2026-08-14T16:12:26Z	vol_3/chinese/[1]缘起篇 - 部分（甲）/[247]因果的收摄方式 - 把握诸缘之智篇/[295] 色所缘线 - 意门心路 - 贪.md	
47b4b0a8-a533-4584-a64e-cc2125d7786e	[296]a	done	9	73c03e1a-f333-11f0-808a-438f0af4b9e9	2026-08-14T16:12:30Z	vol_3/chinese/[1]缘起篇 - 部分（甲）/[247]因果的收摄方式 - 把握诸缘之智篇/[296]a 色所缘线 - 意门心路 - 贪.md	
6815b35e-f0f4-4f65-baf7-0b117f795a80	[296]b	done	4	73c03e1a-f333-11f0-808a-438f0af4b9e9	2026-08-14T16:12:33Z	vol_3/chinese/[1]缘起篇 - 部分（甲）/[247]因果的收摄方式 - 把握诸缘之智篇/[296]b 一般应记事项.md	
cd7460a0-aeda-4979-8cd3-166c4c946dfa	[296]c	done	11	73c03e1a-f333-11f0-808a-438f0af4b9e9	2026-08-14T16:12:38Z	vol_3/chinese/[1]缘起篇 - 部分（甲）/[247]因果的收摄方式 - 把握诸缘之智篇/[296]c 变化.md	
124e8cb5-6c55-4603-9471-a0904a4ec36a	[297]b	done	6	73c03e1a-f333-11f0-808a-438f0af4b9e9	2026-08-14T16:12:41Z	vol_3/chinese/[1]缘起篇 - 部分（甲）/[247]因果的收摄方式 - 把握诸缘之智篇/[297]b 声所缘线 - 耳门心路 - 五门转向.md	
9de09a62-d4f1-4a5c-98af-6d3eb811b149	[297]c	done	13	73c03e1a-f333-11f0-808a-438f0af4b9e9	2026-08-14T16:12:46Z	vol_3/chinese/[1]缘起篇 - 部分（甲）/[247]因果的收摄方式 - 把握诸缘之智篇/[297]c 声所缘线 - 耳门心路 - 耳识.md	
8ecda313-e990-42b3-b7a5-cb494062ccfb	[298]a	done	12	73c03e1a-f333-11f0-808a-438f0af4b9e9	2026-08-14T16:12:50Z	vol_3/chinese/[1]缘起篇 - 部分（甲）/[247]因果的收摄方式 - 把握诸缘之智篇/[298]a 声所缘线 - 耳门心路 - 领受.md	
461b9b8b-6192-4249-85be-8158999b80db	[298]b	done	13	73c03e1a-f333-11f0-808a-438f0af4b9e9	2026-08-14T16:12:54Z	vol_3/chinese/[1]缘起篇 - 部分（甲）/[247]因果的收摄方式 - 把握诸缘之智篇/[298]b 声所缘线 - 耳门心路 - 领受 - 行蕴.md	
98f8ed80-d2fb-404b-9aab-9ac48525f585	[299]a	done	12	73c03e1a-f333-11f0-808a-438f0af4b9e9	2026-08-14T16:12:59Z	vol_3/chinese/[1]缘起篇 - 部分（甲）/[247]因果的收摄方式 - 把握诸缘之智篇/[299]a 声所缘线 - 耳门心路 - 领受 - 识蕴.md	
0f1876c4-3639-4eac-8fab-92ee77a7688c	[299]b	done	14	73c03e1a-f333-11f0-808a-438f0af4b9e9	2026-08-14T16:13:04Z	vol_3/chinese/[1]缘起篇 - 部分（甲）/[247]因果的收摄方式 - 把握诸缘之智篇/[299]b 声所缘线 - 耳门心路 - 推度 - 受蕴.md	
f2a22d21-e0a9-42e5-b73a-42231a7dab79	[300]a	done	7	73c03e1a-f333-11f0-808a-438f0af4b9e9	2026-08-14T16:13:08Z	vol_3/chinese/[1]缘起篇 - 部分（甲）/[247]因果的收摄方式 - 把握诸缘之智篇/[300]a 声所缘线 - 耳门心路 - 善.md	
3b865fe2-5da9-4b83-ad43-3ce8ba1d15bf	[300]b	done	8	73c03e1a-f333-11f0-808a-438f0af4b9e9	2026-08-14T16:13:12Z	vol_3/chinese/[1]缘起篇 - 部分（甲）/[247]因果的收摄方式 - 把握诸缘之智篇/[300]b 声所缘线 - 耳门心路 - 善.md	
bf00921d-d948-4023-868a-5a19d32294dd	[300]c	done	32	73c03e1a-f333-11f0-808a-438f0af4b9e9	2026-08-14T16:13:18Z	vol_3/chinese/[1]缘起篇 - 部分（甲）/[247]因果的收摄方式 - 把握诸缘之智篇/[300]c 声所缘线 - 耳门心路 - 善速行后第一彼所缘 - 受蕴.md	
70156e68-4adf-45ed-91bc-a500e6629f3e	[301]	done	9	73c03e1a-f333-11f0-808a-438f0af4b9e9	2026-08-14T16:15:23Z	vol_3/chinese/[1]缘起篇 - 部分（甲）/[247]因果的收摄方式 - 把握诸缘之智篇/[301] 声所缘线 - 意门心路 - 大善.md	
5774dbb2-ce6d-44b3-bb14-8c829aaf7c38	[302]	done	15	73c03e1a-f333-11f0-808a-438f0af4b9e9	2026-08-14T16:15:28Z	vol_3/chinese/[1]缘起篇 - 部分（甲）/[247]因果的收摄方式 - 把握诸缘之智篇/[302] 声所缘线 - 意门心路 - 大.md	
f6e80374-3ee2-4a6f-b343-104c47c7b618	[302]b	done	6	73c03e1a-f333-11f0-808a-438f0af4b9e9	2026-08-14T16:15:32Z	vol_3/chinese/[1]缘起篇 - 部分（甲）/[247]因果的收摄方式 - 把握诸缘之智篇/[302]b 香所缘线 - 鼻门心路 - 五门转向.md	
70a7f050-c945-479c-8a44-1345100a2bcf	[303]a	done	13	73c03e1a-f333-11f0-808a-438f0af4b9e9	2026-08-14T16:15:36Z	vol_3/chinese/[1]缘起篇 - 部分（甲）/[247]因果的收摄方式 - 把握诸缘之智篇/[303]a 香所缘线 - 鼻门心路 - 鼻识.md	
7fd9d41c-f294-49f2-a29f-ce0043e9ece5	[303]b	done	12	73c03e1a-f333-11f0-808a-438f0af4b9e9	2026-08-14T16:15:41Z	vol_3/chinese/[1]缘起篇 - 部分（甲）/[247]因果的收摄方式 - 把握诸缘之智篇/[303]b 香所缘线 - 鼻门心路 - 领受.md	
0d522393-dfe3-4f0a-bd6f-2998e2f1ad5b	[303]c	done	21	73c03e1a-f333-11f0-808a-438f0af4b9e9	2026-08-14T16:15:45Z	vol_3/chinese/[1]缘起篇 - 部分（甲）/[247]因果的收摄方式 - 把握诸缘之智篇/[303]c 香所缘线 - 鼻门心路 - 推度.md	
34ae500f-6c13-401c-af6f-8be0f78f8b7a	[304]	done	13	73c03e1a-f333-11f0-808a-438f0af4b9e9	2026-08-14T16:15:50Z	vol_3/chinese/[1]缘起篇 - 部分（甲）/[247]因果的收摄方式 - 把握诸缘之智篇/[304] 味所缘线 - 舌门心路 - 舌识.md	
0c664ccb-1a60-45f9-b433-7fe76b68f9f1	[305]a	done	7	73c03e1a-f333-11f0-808a-438f0af4b9e9	2026-08-14T16:15:53Z	vol_3/chinese/[1]缘起篇 - 部分（甲）/[247]因果的收摄方式 - 把握诸缘之智篇/[305]a 味所缘线 - 舌门心路 - 领受.md	
027abf44-f1ea-4ba1-b114-2da72b92fbbc	[306]a	done	9	73c03e1a-f333-11f0-808a-438f0af4b9e9	2026-08-14T16:17:58Z	vol_3/chinese/[1]缘起篇 - 部分（甲）/[247]因果的收摄方式 - 把握诸缘之智篇/[306]a 味所缘线 - 意门心路 - 大善.md	
34787b67-7c99-452c-82fa-075cf119f16f	[306]b	done	13	73c03e1a-f333-11f0-808a-438f0af4b9e9	2026-08-14T16:18:03Z	vol_3/chinese/[1]缘起篇 - 部分（甲）/[247]因果的收摄方式 - 把握诸缘之智篇/[306]b 味所缘线 - 意门心路 - 大善.md	
5224f9c0-b56f-4a2a-ba5a-60d8175c57f4	[306]c	done	36	73c03e1a-f333-11f0-808a-438f0af4b9e9	2026-08-14T16:18:09Z	vol_3/chinese/[1]缘起篇 - 部分（甲）/[247]因果的收摄方式 - 把握诸缘之智篇/[306]c 触所缘线 - 身门心路 - 五门转向 - 受蕴1.md	
ca138ae5-0aa0-4a56-b25c-d21b55acf659	[308]a	done	7	73c03e1a-f333-11f0-808a-438f0af4b9e9	2026-08-14T16:18:13Z	vol_3/chinese/[1]缘起篇 - 部分（甲）/[247]因果的收摄方式 - 把握诸缘之智篇/[308]a 触所缘线 - 身门心路 - 领受 - 受蕴1.md	
cb7ae87b-63b9-4fac-a8af-3693e698e060	[308]b	done	8	73c03e1a-f333-11f0-808a-438f0af4b9e9	2026-08-14T16:18:17Z	vol_3/chinese/[1]缘起篇 - 部分（甲）/[247]因果的收摄方式 - 把握诸缘之智篇/[308]b 触所缘线 - 身门心路 - 推度 - 受蕴1.md	
3fad13db-d2eb-4d54-a67b-6a29efee70fd	[308]c	done	8	73c03e1a-f333-11f0-808a-438f0af4b9e9	2026-08-14T16:18:21Z	vol_3/chinese/[1]缘起篇 - 部分（甲）/[247]因果的收摄方式 - 把握诸缘之智篇/[308]c 触所缘线 - 身门心路 - 第二速行 - 受蕴1.md	
068f4a6c-4068-428d-b295-3fe143603b07	[309]a	done	9	73c03e1a-f333-11f0-808a-438f0af4b9e9	2026-08-14T16:18:25Z	vol_3/chinese/[1]缘起篇 - 部分（甲）/[247]因果的收摄方式 - 把握诸缘之智篇/[309]a 触所缘线 - 意门心路 - 第二速行 - 受蕴.md	
0ffd5237-7b09-4e36-9cb4-a4e943af7ffa	[309]b	done	17	73c03e1a-f333-11f0-808a-438f0af4b9e9	2026-08-14T16:18:29Z	vol_3/chinese/[1]缘起篇 - 部分（甲）/[247]因果的收摄方式 - 把握诸缘之智篇/[309]b 触所缘线 - 意门心路 - 第二彼所缘 - 受蕴.md	
20c18234-7318-4de4-bd1b-1bbc864dbf0d	[310]a	done	6	73c03e1a-f333-11f0-808a-438f0af4b9e9	2026-08-14T16:18:33Z	vol_3/chinese/[1]缘起篇 - 部分（甲）/[247]因果的收摄方式 - 把握诸缘之智篇/[310]a 法所缘线 - 意门心路 - 意门转向.md	
246adb28-53f0-409b-966c-71235b0a7375	[310]b	done	7	73c03e1a-f333-11f0-808a-438f0af4b9e9	2026-08-14T16:18:36Z	vol_3/chinese/[1]缘起篇 - 部分（甲）/[247]因果的收摄方式 - 把握诸缘之智篇/[310]b 法所缘线 - 意门心路 - 第一.md	
67633a8d-94fd-489b-8ca2-16b0385ef966	[310]c	done	8	73c03e1a-f333-11f0-808a-438f0af4b9e9	2026-08-14T16:18:40Z	vol_3/chinese/[1]缘起篇 - 部分（甲）/[247]因果的收摄方式 - 把握诸缘之智篇/[310]c 法所缘线 - 意门心路 - 第二.md	
f74d09bd-663b-4677-9f40-3396ba7fa4a3	[311]	done	58	73c03e1a-f333-11f0-808a-438f0af4b9e9	2026-08-14T16:18:48Z	vol_3/chinese/[1]缘起篇 - 部分（甲）/[247]因果的收摄方式 - 把握诸缘之智篇/[311] 法所缘线 - 意门心路 - 第二.md	
9431f936-7707-48a1-bcfa-817609307595	[313]	done	59	73c03e1a-f333-11f0-808a-438f0af4b9e9	2026-08-14T16:18:57Z	vol_3/chinese/[1]缘起篇 - 部分（甲）/[247]因果的收摄方式 - 把握诸缘之智篇/[313] 法所缘线 - 初禅等至意门.md	
57345b64-b567-4cf5-8f40-7e5a80066c7b	[316]a	done	9	73c03e1a-f333-11f0-808a-438f0af4b9e9	2026-08-14T16:19:02Z	vol_3/chinese/[1]缘起篇 - 部分（甲）/[247]因果的收摄方式 - 把握诸缘之智篇/[316]a 从第一过去到第二过去.md	
f3eb0c87-1015-44c7-8808-681cb0569f15	[316]b	done	8	73c03e1a-f333-11f0-808a-438f0af4b9e9	2026-08-14T16:19:06Z	vol_3/chinese/[1]缘起篇 - 部分（甲）/[247]因果的收摄方式 - 把握诸缘之智篇/[316]b 明种子 - 请留意观察行种子1.md	
35662df8-5218-41cf-9ce5-24294d714075	[317]	done	54	73c03e1a-f333-11f0-808a-438f0af4b9e9	2026-08-14T16:19:15Z	vol_3/chinese/[1]缘起篇 - 部分（甲）/[247]因果的收摄方式 - 把握诸缘之智篇/[317] 压迫业＝靠近而恼害之业.md	
c633c4ea-118b-4338-88ea-a223f3388153	[319]	done	20	73c03e1a-f333-11f0-808a-438f0af4b9e9	2026-08-14T16:19:20Z	vol_3/chinese/[1]缘起篇 - 部分（甲）/[247]因果的收摄方式 - 把握诸缘之智篇/[319] 无价的人生课程.md	
47553e9a-d2db-48f3-bb87-b4050564cd02	[320]	done	45	73c03e1a-f333-11f0-808a-438f0af4b9e9	2026-08-14T16:19:27Z	vol_3/chinese/[1]缘起篇 - 部分（甲）/[247]因果的收摄方式 - 把握诸缘之智篇/[320] 深而又深 - 难而又难.md	
e0be2e44-995b-4d65-a698-ad60180ebc65	[322]a	done	6	73c03e1a-f333-11f0-808a-438f0af4b9e9	2026-08-14T16:19:30Z	vol_3/chinese/[1]缘起篇 - 部分（甲）/[247]因果的收摄方式 - 把握诸缘之智篇/[322]a 无明 - 爱 - 取.md	
16d9c1e2-dd78-42fe-8f9f-8c0c01fffbe5	[322]b	done	29	73c03e1a-f333-11f0-808a-438f0af4b9e9	2026-08-14T16:19:36Z	vol_3/chinese/[1]缘起篇 - 部分（甲）/[247]因果的收摄方式 - 把握诸缘之智篇/[322]b 支助业.md	
109ed109-163e-4c34-a0e1-f3e7f207e0a4	[324]a	done	4	73c03e1a-f333-11f0-808a-438f0af4b9e9	2026-08-14T16:20:11Z	vol_3/chinese/[1]缘起篇 - 部分（甲）/[247]因果的收摄方式 - 把握诸缘之智篇/[324]a 令人欣慰满意的一点.md	
18de3682-b9ce-4a1e-b054-8cc629698e6a	[324]b	done	34	73c03e1a-f333-11f0-808a-438f0af4b9e9	2026-08-14T16:20:18Z	vol_3/chinese/[1]缘起篇 - 部分（甲）/[247]因果的收摄方式 - 把握诸缘之智篇/[324]b 轮回弯道中的世法风浪.md	
3aa0b95b-c332-4021-9aa8-067b471d6300	[326]	done	13	73c03e1a-f333-11f0-808a-438f0af4b9e9	2026-08-14T16:20:23Z	vol_3/chinese/[1]缘起篇 - 部分（甲）/[247]因果的收摄方式 - 把握诸缘之智篇/[326] 色界福行与不动行.md	
9cba1b9f-aeda-43ab-bb0c-62e558ce5383	[327]	done	26	73c03e1a-f333-11f0-808a-438f0af4b9e9	2026-08-14T16:20:29Z	vol_3/chinese/[1]缘起篇 - 部分（甲）/[247]因果的收摄方式 - 把握诸缘之智篇/[327] 把智送往未来.md	
2a8b81e0-0045-45c6-9ddb-ab68510cb63f	[328]	done	14	73c03e1a-f333-11f0-808a-438f0af4b9e9	2026-08-14T16:20:33Z	vol_3/chinese/[1]缘起篇 - 部分（甲）/[247]因果的收摄方式 - 把握诸缘之智篇/[328] 应当注意的一点.md	
e4bb3bd1-478b-4180-8365-907de871a85e	[329]	done	12	73c03e1a-f333-11f0-808a-438f0af4b9e9	2026-08-14T16:20:37Z	vol_3/chinese/[1]缘起篇 - 部分（甲）/[247]因果的收摄方式 - 把握诸缘之智篇/[329] 苦界恶趣有的结生.md	
1761b6e1-ca1c-45fb-ac8b-90274cbc64b7	[330]	done	17	73c03e1a-f333-11f0-808a-438f0af4b9e9	2026-08-14T16:20:43Z	vol_3/chinese/[1]缘起篇 - 部分（甲）/[247]因果的收摄方式 - 把握诸缘之智篇/[330] 未来的变化.md	
65d9bef4-201b-4db9-8c6c-6b77733eb2ae	[331]a	done	9	73c03e1a-f333-11f0-808a-438f0af4b9e9	2026-08-14T16:20:47Z	vol_3/chinese/[1]缘起篇 - 部分（甲）/[247]因果的收摄方式 - 把握诸缘之智篇/[331]a 色界 - (16)地.md	
034511f7-6bde-4b86-b23f-59ff5d73e398	[331]b	done	37	73c03e1a-f333-11f0-808a-438f0af4b9e9	2026-08-14T16:20:53Z	vol_3/chinese/[1]缘起篇 - 部分（甲）/[247]因果的收摄方式 - 把握诸缘之智篇/[331]b 小 - 中 - 殊胜.md	
7303ee33-b738-46b1-baae-697b1d4e5568	[333]	done	30	73c03e1a-f333-11f0-808a-438f0af4b9e9	2026-08-14T16:20:58Z	vol_3/chinese/[1]缘起篇 - 部分（甲）/[247]因果的收摄方式 - 把握诸缘之智篇/[333] 从未来到未来.md	
daab5bee-96b5-4646-b1c8-0a5acae19bde	[334]	done	9	73c03e1a-f333-11f0-808a-438f0af4b9e9	2026-08-14T16:21:03Z	vol_3/chinese/[1]缘起篇 - 部分（甲）/[247]因果的收摄方式 - 把握诸缘之智篇/[334] 极难获得的一个大良机.md	
b6487189-c3e9-4bd8-af43-fa2fb189a11d	[335]	done	4	73c03e1a-f333-11f0-808a-438f0af4b9e9	2026-08-14T16:21:07Z	vol_3/chinese/[1]缘起篇 - 部分（甲）/[247]因果的收摄方式 - 把握诸缘之智篇/[335] 特别嘱咐.md	
996b7445-a7f0-46b0-973f-6040bcb79561	[336]	done	9	73c03e1a-f333-11f0-808a-438f0af4b9e9	2026-08-14T16:21:11Z	vol_3/chinese/[1]缘起篇 - 部分（甲）/[336] 死者与生者.md	
ec31607c-2d18-465e-94ee-e74c49e7afe4	[337]a	done	1	73c03e1a-f333-11f0-808a-438f0af4b9e9	2026-08-14T16:21:15Z	vol_3/chinese/[337]缘起篇 - 部分（乙）/[337]a 缘起篇 - 部分（乙）.md	
1b1ed90a-c1ba-4a2b-be16-a111e036e43a	[337]b	done	1	73c03e1a-f333-11f0-808a-438f0af4b9e9	2026-08-14T16:21:20Z	vol_3/chinese/[337]缘起篇 - 部分（乙）/[337]b 缘起 第一理趣 顺缘起/[337]b 缘起 第一理趣 顺缘起.md	
d355f895-2796-4fe0-8548-6eff85bceab8	[337]c	done	9	73c03e1a-f333-11f0-808a-438f0af4b9e9	2026-08-14T16:21:24Z	vol_3/chinese/[337]缘起篇 - 部分（乙）/[337]b 缘起 第一理趣 顺缘起/[337]c 无明.md	
de3343f3-d366-4fa4-b613-eb922afe27ca	[338]a	done	16	73c03e1a-f333-11f0-808a-438f0af4b9e9	2026-08-14T16:21:29Z	vol_3/chinese/[337]缘起篇 - 部分（乙）/[337]b 缘起 第一理趣 顺缘起/[338]a 无明的原因.md	
944ce283-0c44-48a5-bcc0-30fbbe0e65b3	[339]	done	49	73c03e1a-f333-11f0-808a-438f0af4b9e9	2026-08-14T16:21:36Z	vol_3/chinese/[337]缘起篇 - 部分（乙）/[337]b 缘起 第一理趣 顺缘起/[339] 所谓漏.md	
61306f00-cb82-4095-a81a-84ab3ef1ea19	[341]	done	43	73c03e1a-f333-11f0-808a-438f0af4b9e9	2026-08-14T16:21:43Z	vol_3/chinese/[337]缘起篇 - 部分（乙）/[337]b 缘起 第一理趣 顺缘起/[341] 补充说明.md	
f810af2a-10a5-4a69-86d0-073902966b98	[343]	done	5	73c03e1a-f333-11f0-808a-438f0af4b9e9	2026-08-14T16:21:47Z	vol_3/chinese/[337]缘起篇 - 部分（乙）/[337]b 缘起 第一理趣 顺缘起/[343] 愁等生起的原因.md	
af319428-0729-413e-999d-0826300d5456	[344]a	done	6	73c03e1a-f333-11f0-808a-438f0af4b9e9	2026-08-14T16:21:50Z	vol_3/chinese/[337]缘起篇 - 部分（乙）/[337]b 缘起 第一理趣 顺缘起/[344]a 另一种方式的回答.md	
7f370059-3a28-44e0-8aba-d6e2da7f485d	[344]b	done	11	73c03e1a-f333-11f0-808a-438f0af4b9e9	2026-08-14T16:21:55Z	vol_3/chinese/[337]缘起篇 - 部分（乙）/[337]b 缘起 第一理趣 顺缘起/[344]b 由欲漏而生起愁等的情形.md	
9945882b-01d1-4e5a-b347-bd7426e77d49	[344]c	done	8	73c03e1a-f333-11f0-808a-438f0af4b9e9	2026-08-14T16:21:59Z	vol_3/chinese/[337]缘起篇 - 部分（乙）/[337]b 缘起 第一理趣 顺缘起/[344]c 由见漏而生起愁等的情形.md	
827c4100-b29b-47b9-b5b4-2a735d2166a7	[345]a	done	7	73c03e1a-f333-11f0-808a-438f0af4b9e9	2026-08-14T16:22:03Z	vol_3/chinese/[337]缘起篇 - 部分（乙）/[337]b 缘起 第一理趣 顺缘起/[345]a 由有漏而生起愁等的情形.md	
59594948-c00f-4729-a8c5-8e099cba971a	[345]b	done	8	73c03e1a-f333-11f0-808a-438f0af4b9e9	2026-08-14T16:22:07Z	vol_3/chinese/[337]缘起篇 - 部分（乙）/[337]b 缘起 第一理趣 顺缘起/[345]b 五种预兆.md	
7fea2ef7-2d77-4ee6-bf1b-89a3d614a094	[346]	done	31	73c03e1a-f333-11f0-808a-438f0af4b9e9	2026-08-14T16:22:14Z	vol_3/chinese/[337]缘起篇 - 部分（乙）/[337]b 缘起 第一理趣 顺缘起/[346] 由无明漏而生起愁等的情形.md	
8f21fc9e-9892-4557-92f5-b74604054d95	[347]	done	17	73c03e1a-f333-11f0-808a-438f0af4b9e9	2026-08-14T16:22:18Z	vol_3/chinese/[337]缘起篇 - 部分（乙）/[337]b 缘起 第一理趣 顺缘起/[347] 以无明为始而宣说的原因.md	
96c35d6c-1526-4275-b475-f8efe2774717	[348]	done	8	73c03e1a-f333-11f0-808a-438f0af4b9e9	2026-08-14T16:22:24Z	vol_3/chinese/[337]缘起篇 - 部分（乙）/[337]b 缘起 第一理趣 顺缘起/[348] 理由.md	
36cfcc1d-86db-4754-8d16-19f060a21923	[349]	done	16	73c03e1a-f333-11f0-808a-438f0af4b9e9	2026-08-14T16:22:29Z	vol_3/chinese/[337]缘起篇 - 部分（乙）/[337]b 缘起 第一理趣 顺缘起/[349] 所要表达的义理.md	
bfde27ba-0135-4b23-95df-194b05bc6f22	[350]a	done	4	73c03e1a-f333-11f0-808a-438f0af4b9e9	2026-08-14T16:22:33Z	vol_3/chinese/[337]缘起篇 - 部分（乙）/[337]b 缘起 第一理趣 顺缘起/[350]a 以无明为根本而宣说.md	
ffc4ef20-957f-41df-845a-ed67c7fc196d	[350]b	done	4	73c03e1a-f333-11f0-808a-438f0af4b9e9	2026-08-14T16:22:37Z	vol_3/chinese/[337]缘起篇 - 部分（乙）/[337]b 缘起 第一理趣 顺缘起/[350]b 以渴爱为根本而宣说.md	
f423aef4-2cc5-4c97-8be7-1ca333b07c84	[350]c	done	18	73c03e1a-f333-11f0-808a-438f0af4b9e9	2026-08-14T16:22:43Z	vol_3/chinese/[337]缘起篇 - 部分（乙）/[337]b 缘起 第一理趣 顺缘起/[350]c 以无明与渴爱两者为根本而宣说.md	
e5197e82-1afc-4bef-94a2-290e503f08f0	[351]	done	65	73c03e1a-f333-11f0-808a-438f0af4b9e9	2026-08-14T16:22:52Z	vol_3/chinese/[337]缘起篇 - 部分（乙）/[337]b 缘起 第一理趣 顺缘起/[351] 无明的自性特相.md	
4425a505-6e9d-453f-921b-1dd95bf23a91	[355]	done	28	73c03e1a-f333-11f0-808a-438f0af4b9e9	2026-08-14T16:22:57Z	vol_3/chinese/[337]缘起篇 - 部分（乙）/[337]b 缘起 第一理趣 顺缘起/[355] 无明的效能.md	
d8414ba2-02e8-400e-8319-725ca3944a37	[356]	done	18	73c03e1a-f333-11f0-808a-438f0af4b9e9	2026-08-14T16:23:02Z	vol_3/chinese/[337]缘起篇 - 部分（乙）/[356]无明缘行/[356] 无明缘行.md	
1e1f2fdf-6041-45ac-ba88-c0f6464a51b8	[357]	done	5	73c03e1a-f333-11f0-808a-438f0af4b9e9	2026-08-14T16:23:07Z	vol_3/chinese/[337]缘起篇 - 部分（乙）/[356]无明缘行/[357] 遍思量经.md	
f8d6de6f-858e-4e12-8883-7883c3784397	[358]a	done	3	73c03e1a-f333-11f0-808a-438f0af4b9e9	2026-08-14T16:23:10Z	vol_3/chinese/[337]缘起篇 - 部分（乙）/[356]无明缘行/[358]a 分别经.md	
0532fc48-7ef9-4968-a8ac-7142c979c751	[358]b	done	11	73c03e1a-f333-11f0-808a-438f0af4b9e9	2026-08-14T16:23:15Z	vol_3/chinese/[337]缘起篇 - 部分（乙）/[356]无明缘行/[358]b 所谓此阿毗达摩.md	
60eec2d9-3fbb-4206-abfb-6382f5009f01	[359]a	done	8	73c03e1a-f333-11f0-808a-438f0af4b9e9	2026-08-14T16:23:19Z	vol_3/chinese/[337]缘起篇 - 部分（乙）/[356]无明缘行/[359]a 完成供养的善思（福行）.md	
fe9f5570-f7ca-4a7a-86e0-a64db6367d80	[359]b	done	2	73c03e1a-f333-11f0-808a-438f0af4b9e9	2026-08-14T16:23:22Z	vol_3/chinese/[337]缘起篇 - 部分（乙）/[356]无明缘行/[359]b 戒所成善思（福行）.md	
6f2d8d20-ff34-4a99-9138-fbb946e57060	[359]c	done	27	73c03e1a-f333-11f0-808a-438f0af4b9e9	2026-08-14T16:23:28Z	vol_3/chinese/[337]缘起篇 - 部分（乙）/[356]无明缘行/[359]c 修所成善思（福行）.md	
30640ab9-299d-4e9a-9720-864a50bb80a6	[361]	done	14	73c03e1a-f333-11f0-808a-438f0af4b9e9	2026-08-14T16:23:33Z	vol_3/chinese/[337]缘起篇 - 部分（乙）/[356]无明缘行/[361] 完成供养的思.md	
9ada0a22-2d25-4e74-b395-824a670cbcc5	[362]a	done	3	73c03e1a-f333-11f0-808a-438f0af4b9e9	2026-08-14T16:23:37Z	vol_3/chinese/[337]缘起篇 - 部分（乙）/[356]无明缘行/[362]a 身行=身思.md	
f67d1313-dcc7-47d1-8dc7-dfd4afa111dc	[362]b	done	4	73c03e1a-f333-11f0-808a-438f0af4b9e9	2026-08-14T16:23:41Z	vol_3/chinese/[337]缘起篇 - 部分（乙）/[356]无明缘行/[362]b 语行=语思.md	
0f48c2d1-3bde-48f8-b8c7-7fc3506c4721	[362]c	done	29	73c03e1a-f333-11f0-808a-438f0af4b9e9	2026-08-14T16:23:47Z	vol_3/chinese/[337]缘起篇 - 部分（乙）/[356]无明缘行/[362]c 神通思与掉举思.md	
67fcbd2e-90d3-472c-bc76-c191f16792f1	[364]a	done	16	73c03e1a-f333-11f0-808a-438f0af4b9e9	2026-08-14T16:23:51Z	vol_3/chinese/[337]缘起篇 - 部分（乙）/[356]无明缘行/[364]a 三分法的相互对照方式.md	
8876cc21-d576-4875-bfd1-9196638b1727	[364]b	done	13	73c03e1a-f333-11f0-808a-438f0af4b9e9	2026-08-14T16:23:56Z	vol_3/chinese/[337]缘起篇 - 部分（乙）/[356]无明缘行/[364]b 问 - 答.md	
63fa9a2f-e1bd-4e8f-8491-873bd882e2dd	[365]	done	14	73c03e1a-f333-11f0-808a-438f0af4b9e9	2026-08-14T16:24:01Z	vol_3/chinese/[337]缘起篇 - 部分（乙）/[356]无明缘行/[365] 另一种方式：因无明而生福行.md	
7fa693b3-5ec0-4e0b-b03a-11bfc6800ea3	[366]	done	3	73c03e1a-f333-11f0-808a-438f0af4b9e9	2026-08-14T16:24:04Z	vol_3/chinese/[337]缘起篇 - 部分（乙）/[356]无明缘行/[366] 因无明而生非福行.md	
abd5ed03-8872-43df-b31b-8a0e37625118	[367]	done	17	73c03e1a-f333-11f0-808a-438f0af4b9e9	2026-08-14T16:24:09Z	vol_3/chinese/[337]缘起篇 - 部分（乙）/[356]无明缘行/[367] 因无明而生不动行.md	
ed836a0d-8c59-45d0-bc09-cf9e5473e1cf	[368]	done	46	73c03e1a-f333-11f0-808a-438f0af4b9e9	2026-08-14T16:24:23Z	vol_3/chinese/[337]缘起篇 - 部分（乙）/[356]无明缘行/[368] 一种容易理解的模式.md	
09f418df-9b5c-4d76-af8f-b6201631a8b5	[370]	build_error	0	73c03e1a-f333-11f0-808a-438f0af4b9e9	2026-08-14T16:24:25Z	vol_3/chinese/[337]缘起篇 - 部分（乙）/[356]无明缘行/[370] 烦恼轮转与业轮转的心路顺序表.md	分段行数不一致（远端 0 段 / 本地 18 段）
97300d11-56ba-487b-a201-9e99c66b8a90	[373]a	done	2	73c03e1a-f333-11f0-808a-438f0af4b9e9	2026-08-14T16:24:29Z	vol_3/chinese/[337]缘起篇 - 部分（乙）/[373]a 发趣诸缘/[373]a 发趣诸缘.md	
9e50f7e7-5489-425f-8a33-fa65bc31f805	[373]b	done	2	73c03e1a-f333-11f0-808a-438f0af4b9e9	2026-08-14T16:24:32Z	vol_3/chinese/[337]缘起篇 - 部分（乙）/[373]a 发趣诸缘/[373]b (24)缘 总说巴利圣典.md	
109ec192-1f33-485f-af92-b8cc747e94b5	[373]c	done	5	73c03e1a-f333-11f0-808a-438f0af4b9e9	2026-08-14T16:24:36Z	vol_3/chinese/[337]缘起篇 - 部分（乙）/[373]a 发趣诸缘/[373]c 因缘.md	
7ad6c635-cdf6-4f8e-9bd4-7ecafc724351	[373]d	done	13	73c03e1a-f333-11f0-808a-438f0af4b9e9	2026-08-14T16:24:40Z	vol_3/chinese/[337]缘起篇 - 部分（乙）/[373]a 发趣诸缘/[373]d 缘的释义.md	
6bd7d342-a82c-4f43-8f33-54f36e138d76	[374]a	done	10	73c03e1a-f333-11f0-808a-438f0af4b9e9	2026-08-14T16:24:45Z	vol_3/chinese/[337]缘起篇 - 部分（乙）/[373]a 发趣诸缘/[374]a 资助特相.md	
2dfda975-67ea-4a8e-8f27-717841bebba7	[374]b	done	8	73c03e1a-f333-11f0-808a-438f0af4b9e9	2026-08-14T16:24:49Z	vol_3/chinese/[337]缘起篇 - 部分（乙）/[373]a 发趣诸缘/[374]b 根义＝根源之义.md	
dbd7dd85-53b9-4580-880c-ea84f5b0f705	[375]	done	22	73c03e1a-f333-11f0-808a-438f0af4b9e9	2026-08-14T16:24:53Z	vol_3/chinese/[337]缘起篇 - 部分（乙）/[373]a 发趣诸缘/[375] 缘与缘生.md	
4d6af015-5742-4ce8-8536-31ab8555d46b	[377]	done	22	73c03e1a-f333-11f0-808a-438f0af4b9e9	2026-08-14T16:24:58Z	vol_3/chinese/[337]缘起篇 - 部分（乙）/[373]a 发趣诸缘/[377] 所缘缘.md	
0bd33bc1-e1f9-4aa6-974a-2393eb147753	[378]	done	30	73c03e1a-f333-11f0-808a-438f0af4b9e9	2026-08-14T16:25:04Z	vol_3/chinese/[337]缘起篇 - 部分（乙）/[373]a 发趣诸缘/[378] 增上缘.md	
5cf754eb-8cad-4b04-ae53-2b30ec4699eb	[379]	done	16	73c03e1a-f333-11f0-808a-438f0af4b9e9	2026-08-14T16:25:09Z	vol_3/chinese/[337]缘起篇 - 部分（乙）/[373]a 发趣诸缘/[379] 请调整心态.md	
1cfd45ba-637a-49b0-9f44-3216596f8d09	[380]a	done	8	73c03e1a-f333-11f0-808a-438f0af4b9e9	2026-08-14T16:25:14Z	vol_3/chinese/[337]缘起篇 - 部分（乙）/[373]a 发趣诸缘/[380]a 劝勉.md	
61ef190b-49d7-4071-ac5e-1b4463af7f10	[380]b	done	13	73c03e1a-f333-11f0-808a-438f0af4b9e9	2026-08-14T16:25:19Z	vol_3/chinese/[337]缘起篇 - 部分（乙）/[373]a 发趣诸缘/[380]b 所缘增上缘.md	
1b6f2927-2a2c-4895-8a58-11030264fa98	[381]a	done	3	73c03e1a-f333-11f0-808a-438f0af4b9e9	2026-08-14T16:25:23Z	vol_3/chinese/[337]缘起篇 - 部分（乙）/[373]a 发趣诸缘/[381]a 无间缘 - 等无间缘.md	
00ec835b-46dc-4929-b222-8c509ccd7209	[381]b	done	14	73c03e1a-f333-11f0-808a-438f0af4b9e9	2026-08-14T16:25:27Z	vol_3/chinese/[337]缘起篇 - 部分（乙）/[373]a 发趣诸缘/[381]b 应以要义记取.md	
9cec4524-ef29-4740-9b89-4d2e7dbb292b	[382]a	done	4	73c03e1a-f333-11f0-808a-438f0af4b9e9	2026-08-14T16:25:31Z	vol_3/chinese/[337]缘起篇 - 部分（乙）/[373]a 发趣诸缘/[382]a 特殊之因 寻常之因.md	
7c3aace2-f2c7-49d7-bf71-9b9b67bbe9d8	[382]b	done	28	73c03e1a-f333-11f0-808a-438f0af4b9e9	2026-08-14T16:25:37Z	vol_3/chinese/[337]缘起篇 - 部分（乙）/[373]a 发趣诸缘/[382]b 异说诸见解.md	
bfe0348f-005f-48cc-aa3c-5a27d8a3b6ae	[384]a	done	6	73c03e1a-f333-11f0-808a-438f0af4b9e9	2026-08-14T16:25:41Z	vol_3/chinese/[337]缘起篇 - 部分（乙）/[373]a 发趣诸缘/[384]a 应记住的概要.md	
5ea45297-6b46-44ff-8cec-844a03d36605	[384]b	done	31	73c03e1a-f333-11f0-808a-438f0af4b9e9	2026-08-14T16:25:47Z	vol_3/chinese/[337]缘起篇 - 部分（乙）/[373]a 发趣诸缘/[384]b 灭尽定与无想有情（根本复注的见解）.md	
b4596a63-b502-4289-83a4-25d64d73cb81	[386]	done	28	73c03e1a-f333-11f0-808a-438f0af4b9e9	2026-08-14T16:25:52Z	vol_3/chinese/[337]缘起篇 - 部分（乙）/[373]a 发趣诸缘/[386] 俱生缘.md	
62ada634-7931-46d6-a18e-b04d19666671	[388]	done	18	73c03e1a-f333-11f0-808a-438f0af4b9e9	2026-08-14T16:25:57Z	vol_3/chinese/[337]缘起篇 - 部分（乙）/[373]a 发趣诸缘/[388] 相互缘.md	
08b09e8c-a078-488b-9d08-395b6304991d	[389]	done	16	73c03e1a-f333-11f0-808a-438f0af4b9e9	2026-08-14T16:28:03Z	vol_3/chinese/[337]缘起篇 - 部分（乙）/[373]a 发趣诸缘/[389] 相互记取之法.md	
cb0efe55-40a9-46ab-92b3-7a14b163a3df	[390]	done	50	73c03e1a-f333-11f0-808a-438f0af4b9e9	2026-08-14T16:28:10Z	vol_3/chinese/[337]缘起篇 - 部分（乙）/[373]a 发趣诸缘/[390] 依止缘.md	
c28d8948-f9c6-42c6-9406-2b2e347d451d	[391]	done	9	73c03e1a-f333-11f0-808a-438f0af4b9e9	2026-08-14T16:28:14Z	vol_3/chinese/[337]缘起篇 - 部分（乙）/[373]a 发趣诸缘/[391] 强依止缘.md	
f04048bd-e373-4b24-b2bf-cf9c040858b1	[392]b	done	37	73c03e1a-f333-11f0-808a-438f0af4b9e9	2026-08-14T16:28:20Z	vol_3/chinese/[337]缘起篇 - 部分（乙）/[373]a 发趣诸缘/[392]b 1．所缘强依止.md	
08860bcd-5704-4424-a878-f6379bed2650	[394]	done	11	73c03e1a-f333-11f0-808a-438f0af4b9e9	2026-08-14T16:28:24Z	vol_3/chinese/[337]缘起篇 - 部分（乙）/[373]a 发趣诸缘/[394] 特殊之处 - 应当记取.md	
2f30e234-a6cf-4b96-bbfb-a97afb2f2d54	[395]	done	26	73c03e1a-f333-11f0-808a-438f0af4b9e9	2026-08-14T16:28:30Z	vol_3/chinese/[337]缘起篇 - 部分（乙）/[373]a 发趣诸缘/[395] 季节 - 食物 - 个体 - 坐卧处.md	
355fedaa-8990-4f35-8dcc-89ac25c7bd89	[396]	done	31	73c03e1a-f333-11f0-808a-438f0af4b9e9	2026-08-14T16:28:36Z	vol_3/chinese/[337]缘起篇 - 部分（乙）/[373]a 发趣诸缘/[396] 前生缘.md	
250bd969-b637-4ec1-bb3b-16a9e62ec133	[397]	done	20	73c03e1a-f333-11f0-808a-438f0af4b9e9	2026-08-14T16:28:41Z	vol_3/chinese/[337]缘起篇 - 部分（乙）/[373]a 发趣诸缘/[397] 后生缘.md	
4e126b81-ad8a-430a-8615-ec5587ca222d	[399]	done	8	73c03e1a-f333-11f0-808a-438f0af4b9e9	2026-08-14T16:28:45Z	vol_3/chinese/[337]缘起篇 - 部分（乙）/[373]a 发趣诸缘/[399] 威仪部分 - 正知部分.md	
4fdce3ec-90ab-451f-a5cd-0da07a19741b	[400]	done	36	73c03e1a-f333-11f0-808a-438f0af4b9e9	2026-08-14T16:28:50Z	vol_3/chinese/[337]缘起篇 - 部分（乙）/[373]a 发趣诸缘/[400] 业缘.md	
e4e03be8-85e6-40ee-90b0-085a0469be89	[402]	done	17	73c03e1a-f333-11f0-808a-438f0af4b9e9	2026-08-14T16:28:55Z	vol_3/chinese/[337]缘起篇 - 部分（乙）/[373]a 发趣诸缘/[402] 俱生业与异刹那业.md	
46ac2a59-d8fb-43f7-a3a0-3deeb8a25d0b	[403]	done	7	73c03e1a-f333-11f0-808a-438f0af4b9e9	2026-08-14T16:28:59Z	vol_3/chinese/[337]缘起篇 - 部分（乙）/[373]a 发趣诸缘/[403] 果报思 - 唯作思.md	
f86e056c-fdda-4548-b4ef-f6b5c57c0ea5	[404]a	done	2	73c03e1a-f333-11f0-808a-438f0af4b9e9	2026-08-14T16:29:02Z	vol_3/chinese/[337]缘起篇 - 部分（乙）/[373]a 发趣诸缘/[404]a 果报缘.md	
a75e17ae-d348-4a85-be33-76e277648662	[404]b	done	17	73c03e1a-f333-11f0-808a-438f0af4b9e9	2026-08-14T16:29:07Z	vol_3/chinese/[337]缘起篇 - 部分（乙）/[373]a 发趣诸缘/[404]b 解释.md	
e37c46ee-acd4-4a84-a683-72e0795464fa	[405]	done	14	73c03e1a-f333-11f0-808a-438f0af4b9e9	2026-08-14T16:29:12Z	vol_3/chinese/[337]缘起篇 - 部分（乙）/[373]a 发趣诸缘/[405] 应简要记取.md	
bca5598a-85b7-4a11-9c68-07927f244434	[406]	done	16	73c03e1a-f333-11f0-808a-438f0af4b9e9	2026-08-14T16:29:16Z	vol_3/chinese/[337]缘起篇 - 部分（乙）/[373]a 发趣诸缘/[406] 食缘.md	
b58eade0-1755-4a1c-ab4d-e7ba41937a09	[407]	done	19	73c03e1a-f333-11f0-808a-438f0af4b9e9	2026-08-14T16:29:21Z	vol_3/chinese/[337]缘起篇 - 部分（乙）/[373]a 发趣诸缘/[407] 支持性 - 性质.md	
f1fe1848-c224-429c-b324-2f2848066a63	[408]	done	64	73c03e1a-f333-11f0-808a-438f0af4b9e9	2026-08-14T16:31:31Z	vol_3/chinese/[337]缘起篇 - 部分（乙）/[373]a 发趣诸缘/[408] 根缘.md	
8e151845-36e6-4b74-aced-9a84a00c9e4f	[411]	done	31	73c03e1a-f333-11f0-808a-438f0af4b9e9	2026-08-14T16:31:37Z	vol_3/chinese/[337]缘起篇 - 部分（乙）/[373]a 发趣诸缘/[411] 禅缘.md	
74ba5ba1-282a-47dd-8ad8-5b5dec8e16e0	[413]	done	19	73c03e1a-f333-11f0-808a-438f0af4b9e9	2026-08-14T16:31:42Z	vol_3/chinese/[337]缘起篇 - 部分（乙）/[373]a 发趣诸缘/[413] 道缘.md	
433ee64f-4e7d-4969-a24a-418b35927d93	[414]	done	37	73c03e1a-f333-11f0-808a-438f0af4b9e9	2026-08-14T16:31:48Z	vol_3/chinese/[337]缘起篇 - 部分（乙）/[373]a 发趣诸缘/[414] 相应缘.md	
c7e21346-ef0c-45bd-a941-6435a38d988f	[416]	done	13	73c03e1a-f333-11f0-808a-438f0af4b9e9	2026-08-14T16:31:53Z	vol_3/chinese/[337]缘起篇 - 部分（乙）/[373]a 发趣诸缘/[416] 另一种解说的方式.md	
82b7cb18-e723-47b7-8de3-4c29444aa9c0	[417]	done	23	73c03e1a-f333-11f0-808a-438f0af4b9e9	2026-08-14T16:31:58Z	vol_3/chinese/[337]缘起篇 - 部分（乙）/[373]a 发趣诸缘/[417] 不相应缘.md	
b84b5aa1-171c-45ba-b016-33b1b7c21cfe	[418]	done	24	73c03e1a-f333-11f0-808a-438f0af4b9e9	2026-08-14T16:32:03Z	vol_3/chinese/[337]缘起篇 - 部分（乙）/[373]a 发趣诸缘/[418] 色所缘等不成为不相应缘.md	
b61a9b5c-055a-4da0-b808-b9c79aed5073	[419]	done	14	73c03e1a-f333-11f0-808a-438f0af4b9e9	2026-08-14T16:32:07Z	vol_3/chinese/[337]缘起篇 - 部分（乙）/[373]a 发趣诸缘/[419] 有缘.md	
4b4ace71-c63b-4d9f-9a75-eb0082d95ca1	[420]a	done	11	73c03e1a-f333-11f0-808a-438f0af4b9e9	2026-08-14T16:32:12Z	vol_3/chinese/[337]缘起篇 - 部分（乙）/[373]a 发趣诸缘/[420]a 1．已生成性特相 - 存在.md	
1082b4ef-2f99-4231-98ec-a3285fe4a3f0	[420]b	done	10	73c03e1a-f333-11f0-808a-438f0af4b9e9	2026-08-14T16:32:16Z	vol_3/chinese/[337]缘起篇 - 部分（乙）/[373]a 发趣诸缘/[420]b 2．可得性特相 - 存在.md	
5a75d32a-a3a0-43d3-96e6-13c904cd7bfe	[421]a	done	8	73c03e1a-f333-11f0-808a-438f0af4b9e9	2026-08-14T16:32:21Z	vol_3/chinese/[337]缘起篇 - 部分（乙）/[373]a 发趣诸缘/[421]a 3．现在特相 - 存在.md	
028e1c68-89c8-42f6-804f-74835a40d97c	[421]b	done	44	73c03e1a-f333-11f0-808a-438f0af4b9e9	2026-08-14T16:32:27Z	vol_3/chinese/[337]缘起篇 - 部分（乙）/[373]a 发趣诸缘/[421]b 支持性.md	
dee45ae6-8fe6-477b-a396-6d84650a3db1	[423]	done	30	73c03e1a-f333-11f0-808a-438f0af4b9e9	2026-08-14T16:34:34Z	vol_3/chinese/[337]缘起篇 - 部分（乙）/[373]a 发趣诸缘/[423] 有缘分为两种的方式.md	
7f4e64a7-81e0-4ae1-acec-ab865afbe8eb	[425]	done	17	73c03e1a-f333-11f0-808a-438f0af4b9e9	2026-08-14T16:34:44Z	vol_3/chinese/[337]缘起篇 - 部分（乙）/[373]a 发趣诸缘/[425] 名有缘 - 色有缘.md	
9e4a3464-87d2-4c8c-b61a-3db8694ce8f9	[426]a	done	5	73c03e1a-f333-11f0-808a-438f0af4b9e9	2026-08-14T16:36:48Z	vol_3/chinese/[337]缘起篇 - 部分（乙）/[373]a 发趣诸缘/[426]a 无有缘.md	
ea336efb-056c-420c-971c-64174af39723	[426]b	done	14	73c03e1a-f333-11f0-808a-438f0af4b9e9	2026-08-14T16:36:53Z	vol_3/chinese/[337]缘起篇 - 部分（乙）/[373]a 发趣诸缘/[426]b 诸名法的法性.md	
4e4406bd-6d0d-4489-9956-dbb5c5083e3f	[427]a	done	11	73c03e1a-f333-11f0-808a-438f0af4b9e9	2026-08-14T16:36:57Z	vol_3/chinese/[337]缘起篇 - 部分（乙）/[373]a 发趣诸缘/[427]a 离去缘.md	
a31ed37c-ac0b-49c3-8c19-3bfa924ea78c	[427]b	done	5	73c03e1a-f333-11f0-808a-438f0af4b9e9	2026-08-14T16:37:01Z	vol_3/chinese/[337]缘起篇 - 部分（乙）/[373]a 发趣诸缘/[427]b 不离去缘.md	
23849d3a-9083-4f14-b00c-b6e458b41aeb	[427]c	done	15	73c03e1a-f333-11f0-808a-438f0af4b9e9	2026-08-14T16:37:05Z	vol_3/chinese/[337]缘起篇 - 部分（乙）/[373]a 发趣诸缘/[427]c 无有 - 离去。有 - 不离去。.md	
c888feaa-3e2f-4840-a935-de637ad647e1	[428]	done	8	73c03e1a-f333-11f0-808a-438f0af4b9e9	2026-08-14T16:37:09Z	vol_3/chinese/[337]缘起篇 - 部分（乙）/[373]a 发趣诸缘/[428] (6)种缘.md	
25b57548-2134-4d42-ac4f-1e905ada3a4f	[429]a	done	10	73c03e1a-f333-11f0-808a-438f0af4b9e9	2026-08-14T16:37:18Z	vol_3/chinese/[337]缘起篇 - 部分（乙）/[373]a 发趣诸缘/[429]a 依法而分的方式.md	
1b4d676d-ca66-40db-83ba-de0dcb05ecb4	[429]b	done	7	73c03e1a-f333-11f0-808a-438f0af4b9e9	2026-08-14T16:37:22Z	vol_3/chinese/[337]缘起篇 - 部分（乙）/[373]a 发趣诸缘/[429]b 依时间而分的方式.md	
cb74ed4c-0836-4d51-9d40-2483002f4038	[429]c	done	4	73c03e1a-f333-11f0-808a-438f0af4b9e9	2026-08-14T16:37:26Z	vol_3/chinese/[337]缘起篇 - 部分（乙）/[373]a 发趣诸缘/[429]c 依缘生法而分的方式.md	
dab3bfd9-8fa9-4152-a9b9-eca68569dd60	[429]d	done	6	73c03e1a-f333-11f0-808a-438f0af4b9e9	2026-08-14T16:37:29Z	vol_3/chinese/[337]缘起篇 - 部分（乙）/[373]a 发趣诸缘/[429]d 依生与支持而分的方式.md	
97824e75-5202-4f11-b0a4-875aa1149205	[430]	done	14	73c03e1a-f333-11f0-808a-438f0af4b9e9	2026-08-14T16:37:34Z	vol_3/chinese/[337]缘起篇 - 部分（乙）/[373]a 发趣诸缘/[430] (24)缘 概要.md	
029312e9-594f-410d-8873-c9a7ff8c3ead	[431]	done	21	73c03e1a-f333-11f0-808a-438f0af4b9e9	2026-08-14T16:37:39Z	vol_3/chinese/[337]缘起篇 - 部分（乙）/[431]无明缘行/[431] 无明缘行.md	
d3412152-c49a-4481-8054-9b827d105ede	[432]	done	45	73c03e1a-f333-11f0-808a-438f0af4b9e9	2026-08-14T16:37:45Z	vol_3/chinese/[337]缘起篇 - 部分（乙）/[431]无明缘行/[432] 观照中是这样生起的.md	
686f46ae-e51e-4159-a777-a109333612f5	[434]	done	54	73c03e1a-f333-11f0-808a-438f0af4b9e9	2026-08-14T16:37:53Z	vol_3/chinese/[337]缘起篇 - 部分（乙）/[431]无明缘行/[434] 非福行.md	
0776f659-1520-4687-92b6-886694f04aa9	[437]	build_error	0	73c03e1a-f333-11f0-808a-438f0af4b9e9	2026-08-14T16:37:57Z	vol_3/chinese/[337]缘起篇 - 部分（乙）/[431]无明缘行/[437] 应当注意之处.md	分段行数不一致（远端 21 段 / 本地 20 段；第一处不同在第 12 段：远端 1 行、本地 2 行）
5d2baaa1-b307-4587-87c5-acb9f67b32da	[440]	done	153	73c03e1a-f333-11f0-808a-438f0af4b9e9	2026-08-14T16:38:14Z	vol_3/chinese/[337]缘起篇 - 部分（乙）/[431]无明缘行/[440] 值得提问的一点.md	
8fab1be7-5891-4f86-8f00-302b12dc8766	[447]	done	21	73c03e1a-f333-11f0-808a-438f0af4b9e9	2026-08-14T16:38:18Z	vol_3/chinese/[337]缘起篇 - 部分（乙）/[447]行缘识/[447] 行缘识.md	
5d5b908c-aeb4-45ca-8dc4-ce7e8abbbaa7	[448]	done	20	73c03e1a-f333-11f0-808a-438f0af4b9e9	2026-08-14T16:38:23Z	vol_3/chinese/[337]缘起篇 - 部分（乙）/[447]行缘识/[448] 为什么能够知道呢？.md	
4f626a78-8d9f-4406-9d06-be60400baefa	[449]a	done	11	73c03e1a-f333-11f0-808a-438f0af4b9e9	2026-08-14T16:38:28Z	vol_3/chinese/[337]缘起篇 - 部分（乙）/[447]行缘识/[449]a 生命期间与结生的果报识.md	
7379542e-fbbb-4900-a9a0-4a91011bae55	[449]b	done	39	73c03e1a-f333-11f0-808a-438f0af4b9e9	2026-08-14T16:38:34Z	vol_3/chinese/[337]缘起篇 - 部分（乙）/[447]行缘识/[449]b 生起的情形.md	
c08cc0cb-d540-4591-8f1f-d3f518bb34b4	[451]	done	7	73c03e1a-f333-11f0-808a-438f0af4b9e9	2026-08-14T16:38:38Z	vol_3/chinese/[337]缘起篇 - 部分（乙）/[447]行缘识/[451] 彼所缘应当留意记取的要点.md	
bcda380b-d8f6-47e4-9fbd-67c1efbd7272	[451]b	done	20	73c03e1a-f333-11f0-808a-438f0af4b9e9	2026-08-14T16:38:43Z	vol_3/chinese/[337]缘起篇 - 部分（乙）/[447]行缘识/[451]b 转向与速行.md	
779c5106-fdca-4123-b4e0-3f18841cfd92	[452]	done	21	73c03e1a-f333-11f0-808a-438f0af4b9e9	2026-08-14T16:38:48Z	vol_3/chinese/[337]缘起篇 - 部分（乙）/[447]行缘识/[452] 结生与生命期间的果报识.md	
64f0da7e-ab04-4a5f-a40a-091a1481442b	[453]	done	13	73c03e1a-f333-11f0-808a-438f0af4b9e9	2026-08-14T16:38:53Z	vol_3/chinese/[337]缘起篇 - 部分（乙）/[447]行缘识/[453] 存在状态的性质.md	
43ac8fa7-3804-4ffe-981d-49df616dec52	[454]	done	7	73c03e1a-f333-11f0-808a-438f0af4b9e9	2026-08-14T16:38:56Z	vol_3/chinese/[337]缘起篇 - 部分（乙）/[447]行缘识/[454] 因与果归摄的各种形式.md	
405431ff-dabd-4df5-a06d-e6a5e12501a3	[455]	done	25	73c03e1a-f333-11f0-808a-438f0af4b9e9	2026-08-14T16:39:32Z	vol_3/chinese/[337]缘起篇 - 部分（乙）/[447]行缘识/[455] 总括起来摄取因与果的方式.md	
1f211488-66a0-41ea-92c7-94927feed8da	[456]	done	33	73c03e1a-f333-11f0-808a-438f0af4b9e9	2026-08-14T16:39:38Z	vol_3/chinese/[337]缘起篇 - 部分（乙）/[447]行缘识/[456] 另一种方式 分开归摄因与果.md	
fa53fdf4-3567-4013-b4af-3eab55fed32c	[457]	done	13	73c03e1a-f333-11f0-808a-438f0af4b9e9	2026-08-14T16:39:43Z	vol_3/chinese/[337]缘起篇 - 部分（乙）/[447]行缘识/[457] 异刹那业缘力，强依止缘力.md	
00d3c26a-d5d8-4db6-a307-6fbd86b95ecd	[458]	done	11	73c03e1a-f333-11f0-808a-438f0af4b9e9	2026-08-14T16:39:47Z	vol_3/chinese/[337]缘起篇 - 部分（乙）/[447]行缘识/[458] 唯有造作完毕才是关键所在.md	
cf442959-5fa5-44a7-b320-1d83544a1d2d	[459]a	done	2	73c03e1a-f333-11f0-808a-438f0af4b9e9	2026-08-14T16:39:50Z	vol_3/chinese/[337]缘起篇 - 部分（乙）/[459]识缘名色/[459]a 识缘名色.md	
7f59716e-9848-4a01-ba46-5317d2c2c954	[459]b	done	32	73c03e1a-f333-11f0-808a-438f0af4b9e9	2026-08-14T16:41:57Z	vol_3/chinese/[337]缘起篇 - 部分（乙）/[459]识缘名色/[459]b 识——法体的取法方式.md	
3f119cc5-bc2f-4f0e-86de-d50effce8782	[460]	done	3	73c03e1a-f333-11f0-808a-438f0af4b9e9	2026-08-14T16:42:01Z	vol_3/chinese/[337]缘起篇 - 部分（乙）/[459]识缘名色/[460] 色——法体的取法方式.md	
ec1d09ed-62ce-4b4f-a9ff-6af86b12c1d1	[461]	done	22	73c03e1a-f333-11f0-808a-438f0af4b9e9	2026-08-14T16:42:06Z	vol_3/chinese/[337]缘起篇 - 部分（乙）/[459]识缘名色/[461] 名——法体的取法方式.md	
ff035c6a-a625-493e-be74-9c9bc6f7ca5f	[462]a	done	6	73c03e1a-f333-11f0-808a-438f0af4b9e9	2026-08-14T16:42:10Z	vol_3/chinese/[337]缘起篇 - 部分（乙）/[459]识缘名色/[462]a 值得提问的一点.md	
6c20ab85-1bea-4171-b6b9-a6977b3e0068	[462]	done	94	73c03e1a-f333-11f0-808a-438f0af4b9e9	2026-08-14T16:42:20Z	vol_3/chinese/[337]缘起篇 - 部分（乙）/[459]识缘名色/[462] 结生之际的观照.md	
74b19a95-3171-4ce1-a44b-6057ff299f8e	[467]	done	21	73c03e1a-f333-11f0-808a-438f0af4b9e9	2026-08-14T16:42:25Z	vol_3/chinese/[337]缘起篇 - 部分（乙）/[459]识缘名色/[467] 一、识缘名色-（甲）业识.md	
0bd87f9d-2227-441d-bf26-4afbedb3ab28	[468]	done	16	73c03e1a-f333-11f0-808a-438f0af4b9e9	2026-08-14T16:42:30Z	vol_3/chinese/[337]缘起篇 - 部分（乙）/[459]识缘名色/[468] 综合观照的一些观照方式.md	
57ead88d-e497-4880-9516-0ac3381307f9	[469]a	done	22	73c03e1a-f333-11f0-808a-438f0af4b9e9	2026-08-14T16:42:35Z	vol_3/chinese/[337]缘起篇 - 部分（乙）/[459]识缘名色/[469]a （乙）识缘色.md	
68850837-7887-40a1-b9d0-1880bcffa463	[469]b	done	15	73c03e1a-f333-11f0-808a-438f0af4b9e9	2026-08-14T16:42:39Z	vol_3/chinese/[337]缘起篇 - 部分（乙）/[459]识缘名色/[469]b 分开观照的一些方式.md	
58e68eb6-578e-436f-b024-9ceba666f207	[471]a	done	11	73c03e1a-f333-11f0-808a-438f0af4b9e9	2026-08-14T16:42:43Z	vol_3/chinese/[337]缘起篇 - 部分（乙）/[459]识缘名色/[471]a （丙）识缘名.md	
a02a20b3-1892-4dbe-9bbd-75c45ccafd99	[471]b	done	10	73c03e1a-f333-11f0-808a-438f0af4b9e9	2026-08-14T16:42:47Z	vol_3/chinese/[337]缘起篇 - 部分（乙）/[459]识缘名色/[471]b 行与业有 = 业.md	
3d61f501-7a92-4489-b2ad-3622ebc4ddd4	[472]	done	49	73c03e1a-f333-11f0-808a-438f0af4b9e9	2026-08-14T16:42:54Z	vol_3/chinese/[337]缘起篇 - 部分（乙）/[459]识缘名色/[472] 二、俱生识令俱生名色生起的一些观照方式.md	
183daefc-e6aa-4278-8058-db9949fa1123	[473]	done	12	73c03e1a-f333-11f0-808a-438f0af4b9e9	2026-08-14T16:42:58Z	vol_3/chinese/[337]缘起篇 - 部分（乙）/[459]识缘名色/[473] 三、由于后生识生起而色生起的方式.md	
ad4fd253-568a-4791-96b6-62ca144c5824	[474]	done	30	73c03e1a-f333-11f0-808a-438f0af4b9e9	2026-08-14T16:43:04Z	vol_3/chinese/[337]缘起篇 - 部分（乙）/[459]识缘名色/[474] 分开心刹那摄取因与果的方式.md	
149b47c1-59ac-4642-860b-f6f6ed08b465	[475]	done	22	73c03e1a-f333-11f0-808a-438f0af4b9e9	2026-08-14T16:43:09Z	vol_3/chinese/[337]缘起篇 - 部分（乙）/[459]识缘名色/[475] 缘法 = 缘力.md	
23d9220d-2253-4971-b293-1267f98976e2	[476]	done	28	73c03e1a-f333-11f0-808a-438f0af4b9e9	2026-08-14T16:43:14Z	vol_3/chinese/[337]缘起篇 - 部分（乙）/[459]识缘名色/[476] 为什么能够知道呢？.md	
ed8e5914-9243-46b8-94c6-ce7579f144f8	[479]a	done	9	73c03e1a-f333-11f0-808a-438f0af4b9e9	2026-08-14T16:43:19Z	vol_3/chinese/[337]缘起篇 - 部分（乙）/[479]名色缘六处/[479]a 名色缘六处.md	
0171cee1-c746-4aad-a24f-5f100870f1f6	[479]b	done	28	73c03e1a-f333-11f0-808a-438f0af4b9e9	2026-08-14T16:43:24Z	vol_3/chinese/[337]缘起篇 - 部分（乙）/[479]名色缘六处/[479]b 各项解释.md	
6251ff64-ec79-43f5-98b7-a7bf1368cb21	[480]	done	19	73c03e1a-f333-11f0-808a-438f0af4b9e9	2026-08-14T16:43:29Z	vol_3/chinese/[337]缘起篇 - 部分（乙）/[479]名色缘六处/[480] 另一种取法.md	
ae4adbfa-9d78-4f29-83ca-1bfb2fa50152	[481]	done	5	73c03e1a-f333-11f0-808a-438f0af4b9e9	2026-08-14T16:43:32Z	vol_3/chinese/[337]缘起篇 - 部分（乙）/[479]名色缘六处/[481] 为什么能够知道呢.md	
04d4cdc4-1ef2-4b89-b222-2016d199a929	[482]a	done	10	73c03e1a-f333-11f0-808a-438f0af4b9e9	2026-08-14T16:43:37Z	vol_3/chinese/[337]缘起篇 - 部分（乙）/[479]名色缘六处/[482]a 发趣诸缘提供助益的方式.md	
f906231e-d2b2-4b70-89c4-7aaaaf6eee98	[482]b	done	23	73c03e1a-f333-11f0-808a-438f0af4b9e9	2026-08-14T16:43:41Z	vol_3/chinese/[337]缘起篇 - 部分（乙）/[479]名色缘六处/[482]b 卑谬大长老的教诫.md	
bd39a724-8b71-4d1d-b7bd-e9521ecbf7f2	[483]	done	7	73c03e1a-f333-11f0-808a-438f0af4b9e9	2026-08-14T16:43:45Z	vol_3/chinese/[337]缘起篇 - 部分（乙）/[479]名色缘六处/[483] 非果报名 - 非果报意处.md	
5488867f-63e0-4176-9593-bb16b5be5b6a	[484]	done	26	73c03e1a-f333-11f0-808a-438f0af4b9e9	2026-08-14T16:43:51Z	vol_3/chinese/[337]缘起篇 - 部分（乙）/[479]名色缘六处/[484] 不希望有所遗漏.md	
b2b08b43-457f-4451-8ade-c73229536f27	[485]	done	22	73c03e1a-f333-11f0-808a-438f0af4b9e9	2026-08-14T16:43:56Z	vol_3/chinese/[337]缘起篇 - 部分（乙）/[479]名色缘六处/[485] 色对六处提供助益的方式.md	
2b656f7c-1d77-4a75-8817-4f57f8eb4d80	[486]a	done	11	73c03e1a-f333-11f0-808a-438f0af4b9e9	2026-08-14T16:44:00Z	vol_3/chinese/[337]缘起篇 - 部分（乙）/[479]名色缘六处/[486]a 色对意处提供助益的方式.md	
f763fca9-750e-43e3-998d-281ca2fdd0bd	[486]b	done	7	73c03e1a-f333-11f0-808a-438f0af4b9e9	2026-08-14T16:44:04Z	vol_3/chinese/[337]缘起篇 - 部分（乙）/[479]名色缘六处/[486]b 名色对六处提供助益的方式.md	
087b1989-e527-428f-8033-4d79a4cf0262	[487]a	done	14	73c03e1a-f333-11f0-808a-438f0af4b9e9	2026-08-14T16:44:08Z	vol_3/chinese/[337]缘起篇 - 部分（乙）/[479]名色缘六处/[487]a 色对五种色处提供助益的方式.md	
4792599c-f81b-4d36-8a2e-a245595faf66	[487]b	done	15	73c03e1a-f333-11f0-808a-438f0af4b9e9	2026-08-14T16:44:12Z	vol_3/chinese/[337]缘起篇 - 部分（乙）/[479]名色缘六处/[487]b 因果收摄方式的观照.md	
f622576c-2753-4373-ab53-04be3a808419	[488]	done	45	73c03e1a-f333-11f0-808a-438f0af4b9e9	2026-08-14T16:44:19Z	vol_3/chinese/[337]缘起篇 - 部分（乙）/[479]名色缘六处/[488] 1. 由于名生起而意处生起的方式.md	
ecda4d1a-aba7-4ea4-aafc-44e7a3f13949	[489]	done	37	73c03e1a-f333-11f0-808a-438f0af4b9e9	2026-08-14T16:44:24Z	vol_3/chinese/[337]缘起篇 - 部分（乙）/[479]名色缘六处/[489] 2. 由于名生起而色处生起的方式.md	
b60ea467-6e92-4663-955b-7767568d0b3a	[491]	done	21	73c03e1a-f333-11f0-808a-438f0af4b9e9	2026-08-14T16:44:29Z	vol_3/chinese/[337]缘起篇 - 部分（乙）/[479]名色缘六处/[491] 3. 由于色生起而意处生起的方式.md	
193f3d7b-e6e1-452a-8f50-e9f454f71c06	[492]	done	42	73c03e1a-f333-11f0-808a-438f0af4b9e9	2026-08-14T16:44:35Z	vol_3/chinese/[337]缘起篇 - 部分（乙）/[479]名色缘六处/[492] 另一种方法 按处门分别观照的方式.md	
3434d170-1424-42a2-99be-0bf75962b1b9	[493]	done	41	73c03e1a-f333-11f0-808a-438f0af4b9e9	2026-08-14T16:44:41Z	vol_3/chinese/[337]缘起篇 - 部分（乙）/[479]名色缘六处/[493] 4. 由于色生起而色处生起的方式.md	
3435ddca-59a1-4f24-a7e8-50eaf11c3585	[495]	done	41	73c03e1a-f333-11f0-808a-438f0af4b9e9	2026-08-14T16:44:48Z	vol_3/chinese/[337]缘起篇 - 部分（乙）/[479]名色缘六处/[495] 5. 由于名色生起而意处生起的方式.md	
7e7fa151-27a8-4022-aec0-bc03a64b5b53	[497]	done	26	73c03e1a-f333-11f0-808a-438f0af4b9e9	2026-08-14T16:44:53Z	vol_3/chinese/[337]缘起篇 - 部分（乙）/[497]六处缘触/[497] 六处缘触.md	
caa59d11-9b2f-4e13-9da2-993dc405c701	[498]	done	3	73c03e1a-f333-11f0-808a-438f0af4b9e9	2026-08-14T16:44:57Z	vol_3/chinese/[337]缘起篇 - 部分（乙）/[497]六处缘触/[498] 大寺住众诸大师之见解.md	
55ef887f-4cff-4b72-abf0-70dfd1024863	[499]a	done	11	73c03e1a-f333-11f0-808a-438f0af4b9e9	2026-08-14T16:45:01Z	vol_3/chinese/[337]缘起篇 - 部分（乙）/[497]六处缘触/[499]a 以单数开示触.md	
9c0f6307-3722-4cb1-a6ec-578d35630659	[499]b	done	6	73c03e1a-f333-11f0-808a-438f0af4b9e9	2026-08-14T16:45:36Z	vol_3/chinese/[337]缘起篇 - 部分（乙）/[497]六处缘触/[499]b 发趣诸缘的关联方式.md	
bcdb8834-48d7-4c7e-aae6-4e79a6d2d9aa	[500]a	done	12	73c03e1a-f333-11f0-808a-438f0af4b9e9	2026-08-14T16:45:40Z	vol_3/chinese/[337]缘起篇 - 部分（乙）/[497]六处缘触/[500]a 应当预先记取.md	
84b8351c-1cd4-410b-8dc6-77bb6e672bb6	[500]b	done	154	73c03e1a-f333-11f0-808a-438f0af4b9e9	2026-08-14T16:46:01Z	vol_3/chinese/[337]缘起篇 - 部分（乙）/[497]六处缘触/[500]b 因法与果法的收摄方式.md	
d22a4e51-4837-463d-8e68-f8962e52c245	[506]b	done	13	73c03e1a-f333-11f0-808a-438f0af4b9e9	2026-08-14T16:46:05Z	vol_3/chinese/[337]缘起篇 - 部分（乙）/[506]触缘受/[506]b 眼触所生受.md	
5485f526-0cbd-43a9-a0d0-7a0075b78427	[507]	done	12	73c03e1a-f333-11f0-808a-438f0af4b9e9	2026-08-14T16:46:10Z	vol_3/chinese/[337]缘起篇 - 部分（乙）/[506]触缘受/[507] 眼触缘受.md	
2013805a-b6eb-492b-a4db-e758049e82bf	[507]b	done	14	73c03e1a-f333-11f0-808a-438f0af4b9e9	2026-08-14T16:46:14Z	vol_3/chinese/[337]缘起篇 - 部分（乙）/[506]触缘受/[507]b 众缘诸缘的联结方式.md	
9036384c-e02c-4e89-9aa8-05c90885b0dd	[508]	done	19	73c03e1a-f333-11f0-808a-438f0af4b9e9	2026-08-14T16:46:19Z	vol_3/chinese/[337]缘起篇 - 部分（乙）/[506]触缘受/[508] 俱生触.md	
c010b33b-0b9b-4bcb-854e-3c6f8ee41fdb	[509]	done	5	73c03e1a-f333-11f0-808a-438f0af4b9e9	2026-08-14T16:46:23Z	vol_3/chinese/[337]缘起篇 - 部分（乙）/[506]触缘受/[509] 所缘强依止 - 本性亲依止.md	
c761d6ee-a991-4bee-9659-a6313689ae85	[509]b	done	2	73c03e1a-f333-11f0-808a-438f0af4b9e9	2026-08-14T16:46:57Z	vol_3/chinese/[337]缘起篇 - 部分（乙）/[506]触缘受/[509]b 结生 - 有分 - 死殁.md	
73525d64-a641-4315-b73a-745f2198e078	[510]	done	16	73c03e1a-f333-11f0-808a-438f0af4b9e9	2026-08-14T16:49:05Z	vol_3/chinese/[337]缘起篇 - 部分（乙）/[506]触缘受/[510] 意门转向 - 意触.md	
c78e07cf-7bde-4c09-87e2-671afa239aff	[511]	done	15	73c03e1a-f333-11f0-808a-438f0af4b9e9	2026-08-14T16:49:11Z	vol_3/chinese/[337]缘起篇 - 部分（乙）/[506]触缘受/[511] 应当预先了知的要点.md	
d2d98c73-913c-4392-80e8-2e2380fdffde	[512]	done	16	73c03e1a-f333-11f0-808a-438f0af4b9e9	2026-08-14T16:49:18Z	vol_3/chinese/[337]缘起篇 - 部分（乙）/[506]触缘受/[512] 善 不善 无记受.md	
da6eff74-83a0-4609-ad6f-54a53e9ebed5	[512]b	done	4	73c03e1a-f333-11f0-808a-438f0af4b9e9	2026-08-14T16:49:24Z	vol_3/chinese/[337]缘起篇 - 部分（乙）/[506]触缘受/[512]b 与五门转向相应的受.md	
8e1ab1af-9f5f-44b2-8ddd-a63a8b76002a	[513]a	done	9	73c03e1a-f333-11f0-808a-438f0af4b9e9	2026-08-14T16:49:30Z	vol_3/chinese/[337]缘起篇 - 部分（乙）/[506]触缘受/[513]a 分别巴利圣典 义注 复注的说法.md	
79024a9f-afb9-46f2-af57-ff9303603e32	[513]b	done	33	73c03e1a-f333-11f0-808a-438f0af4b9e9	2026-08-14T16:49:37Z	vol_3/chinese/[337]缘起篇 - 部分（乙）/[506]触缘受/[513]b 因与果的收摄方式.md	
074954e0-aa15-464b-b47a-dc6d388becb7	[514]	done	18	73c03e1a-f333-11f0-808a-438f0af4b9e9	2026-08-14T16:49:42Z	vol_3/chinese/[337]缘起篇 - 部分（乙）/[506]触缘受/[514] 另一种说法 意触 = 有分意触.md	
01c2ee1d-dd67-48db-93fe-bc209370cf8a	[515]	done	29	73c03e1a-f333-11f0-808a-438f0af4b9e9	2026-08-14T16:49:47Z	vol_3/chinese/[337]缘起篇 - 部分（乙）/[506]触缘受/[515] 分开心识刹那摄取因果的方式.md	
24ffbe2b-0102-4f76-a1b1-92b8082eed5e	[516]	done	36	73c03e1a-f333-11f0-808a-438f0af4b9e9	2026-08-14T16:49:54Z	vol_3/chinese/[337]缘起篇 - 部分（乙）/[506]触缘受/[516] 诸触的效力.md	
4dedf6a1-d354-4fd7-9052-03dd0adaf3c5	[519]	done	25	73c03e1a-f333-11f0-808a-438f0af4b9e9	2026-08-14T16:49:59Z	vol_3/chinese/[337]缘起篇 - 部分（乙）/[519]受缘爱/[519] 受缘爱.md	
17807da5-f126-4d21-a2df-241144ac7b73	[520]a	done	16	73c03e1a-f333-11f0-808a-438f0af4b9e9	2026-08-14T16:50:04Z	vol_3/chinese/[337]缘起篇 - 部分（乙）/[519]受缘爱/[520]a 由于受而生起爱的情形.md	
aae96097-1bb6-4d4e-a004-ea47e4baf59c	[520]b	done	14	73c03e1a-f333-11f0-808a-438f0af4b9e9	2026-08-14T16:50:09Z	vol_3/chinese/[337]缘起篇 - 部分（乙）/[519]受缘爱/[520]b 另一种说法 收取全部三种受的方式.md	
e3b62212-5766-4993-9ff8-2a9c24e2ab55	[522]a	done	5	73c03e1a-f333-11f0-808a-438f0af4b9e9	2026-08-14T16:50:13Z	vol_3/chinese/[337]缘起篇 - 部分（乙）/[519]受缘爱/[522]a 唯在有随眠界者身上.md	
811572c6-4773-4931-bb8d-13ace5f1c89b	[522]b	done	6	73c03e1a-f333-11f0-808a-438f0af4b9e9	2026-08-14T16:50:17Z	vol_3/chinese/[337]缘起篇 - 部分（乙）/[519]受缘爱/[522]b 应当预先注意.md	
2ecdc588-cc5b-44ee-a74b-0273d614e17b	[522]c	done	8	73c03e1a-f333-11f0-808a-438f0af4b9e9	2026-08-14T16:50:21Z	vol_3/chinese/[337]缘起篇 - 部分（乙）/[519]受缘爱/[522]c 未来轮转论部分.md	
ad27ee7d-a6b2-4c60-97d5-cd95ddebf3be	[522]d	done	14	73c03e1a-f333-11f0-808a-438f0af4b9e9	2026-08-14T16:50:25Z	vol_3/chinese/[337]缘起篇 - 部分（乙）/[519]受缘爱/[522]d 因与果的收取方式.md	
a3a7eab8-40a8-47c8-92fe-386c3bf6010d	[523]	done	29	73c03e1a-f333-11f0-808a-438f0af4b9e9	2026-08-14T16:50:31Z	vol_3/chinese/[337]缘起篇 - 部分（乙）/[519]受缘爱/[523] 马哈咖吒那贤善一夜经.md	
21d9fb23-d4f4-4c5b-a5b7-48f9a3dbc7ad	[525]	done	76	73c03e1a-f333-11f0-808a-438f0af4b9e9	2026-08-14T16:50:45Z	vol_3/chinese/[337]缘起篇 - 部分（乙）/[525]爱缘取/[525] 爱缘取.md	
4b4d876b-4246-43df-b2e1-3be7f52704bb	[528]a	done	4	73c03e1a-f333-11f0-808a-438f0af4b9e9	2026-08-14T16:50:49Z	vol_3/chinese/[337]缘起篇 - 部分（乙）/[525]爱缘取/[528]a 有身见（二十）.md	
c2277038-671b-464a-b3f2-99c4c6dd964a	[528]b	done	23	73c03e1a-f333-11f0-808a-438f0af4b9e9	2026-08-14T16:50:54Z	vol_3/chinese/[337]缘起篇 - 部分（乙）/[525]爱缘取/[528]b 于色蕴执取的方式 = 有身见.md	
254ef15a-d050-41d1-8995-c6ad5ad24a6b	[529]	done	8	73c03e1a-f333-11f0-808a-438f0af4b9e9	2026-08-14T16:50:58Z	vol_3/chinese/[337]缘起篇 - 部分（乙）/[525]爱缘取/[529] 为便于理解的补充说明.md	
fe10d8eb-4a07-401b-824b-0a3e62f7722b	[530]a	done	15	73c03e1a-f333-11f0-808a-438f0af4b9e9	2026-08-14T16:51:03Z	vol_3/chinese/[337]缘起篇 - 部分（乙）/[525]爱缘取/[530]a 于受蕴上有身见生起的（四）种类型.md	
98a6fce9-7cda-4e54-8bd1-0a478d92daee	[530]b	done	13	73c03e1a-f333-11f0-808a-438f0af4b9e9	2026-08-14T16:51:07Z	vol_3/chinese/[337]缘起篇 - 部分（乙）/[525]爱缘取/[530]b 于想蕴上有身见生起的（四）种类型.md	
de51ce3c-0d7d-467d-a1d5-1f15ac61e21e	[531]	done	58	73c03e1a-f333-11f0-808a-438f0af4b9e9	2026-08-14T16:51:15Z	vol_3/chinese/[337]缘起篇 - 部分（乙）/[525]爱缘取/[531] 于行蕴上有身见生起的（四）种类型.md	
1047f723-1389-4320-b510-9f18e27d1a08	[533]a	done	6	73c03e1a-f333-11f0-808a-438f0af4b9e9	2026-08-14T16:51:19Z	vol_3/chinese/[337]缘起篇 - 部分（乙）/[525]爱缘取/[533]a （一）个例式.md	
d6bce0a9-43fd-480e-88d3-9ee991a95407	[533]b	done	19	73c03e1a-f333-11f0-808a-438f0af4b9e9	2026-08-14T16:51:24Z	vol_3/chinese/[337]缘起篇 - 部分（乙）/[525]爱缘取/[533]b 于识蕴上有身见生起的（四）种类型.md	
a02934c5-be8e-43f5-9219-2de6b9576062	[534]	done	9	73c03e1a-f333-11f0-808a-438f0af4b9e9	2026-08-14T16:51:28Z	vol_3/chinese/[337]缘起篇 - 部分（乙）/[525]爱缘取/[534] 于全部（五）蕴之上的执取.md	
be16279c-10d0-43c0-9ae5-04fe69203bee	[535]	done	22	73c03e1a-f333-11f0-808a-438f0af4b9e9	2026-08-14T16:51:33Z	vol_3/chinese/[337]缘起篇 - 部分（乙）/[525]爱缘取/[535] 常见与断见.md	
c93c83e2-cdd6-44ea-804b-ffccfa3015dc	[536]a	done	12	73c03e1a-f333-11f0-808a-438f0af4b9e9	2026-08-14T16:51:38Z	vol_3/chinese/[337]缘起篇 - 部分（乙）/[525]爱缘取/[536]a 能障碍道.md	
18623d1d-a49b-43b2-af06-b67c65e6b5ac	[536]b	done	26	73c03e1a-f333-11f0-808a-438f0af4b9e9	2026-08-14T16:51:43Z	vol_3/chinese/[337]缘起篇 - 部分（乙）/[525]爱缘取/[536]b 生起次第 - 断除次第 - 教说次第.md	
f444b397-f66c-447d-8b4e-9b6317dc9930	[537]	done	9	73c03e1a-f333-11f0-808a-438f0af4b9e9	2026-08-14T16:51:47Z	vol_3/chinese/[337]缘起篇 - 部分（乙）/[525]爱缘取/[537] 发趣诸缘的关联方式.md	
5c11f3bb-0bff-41eb-a998-f48b21a2f150	[538]	done	30	73c03e1a-f333-11f0-808a-438f0af4b9e9	2026-08-14T16:51:53Z	vol_3/chinese/[337]缘起篇 - 部分（乙）/[525]爱缘取/[538] 因与果的收摄方式.md	
f4f14930-0193-45d2-ad49-e39c751083b5	[539]	done	13	73c03e1a-f333-11f0-808a-438f0af4b9e9	2026-08-14T16:51:57Z	vol_3/chinese/[337]缘起篇 - 部分（乙）/[525]爱缘取/[539] 另一种方式 分开收摄因与果的方式.md	
21ba6965-b956-4545-b67a-60a0962e1cd1	[540]	done	19	73c03e1a-f333-11f0-808a-438f0af4b9e9	2026-08-14T16:52:02Z	vol_3/chinese/[337]缘起篇 - 部分（乙）/[525]爱缘取/[540] 换一种方式的观照.md	
f3b94ef0-6d5e-4c01-a5a3-15c3fa887f4c	[542]a	done	2	73c03e1a-f333-11f0-808a-438f0af4b9e9	2026-08-14T16:52:06Z	vol_3/chinese/[337]缘起篇 - 部分（乙）/[542]取缘有/[542]a 取缘有.md	
aa10e0aa-7b4e-498a-bf1f-4e33bbf9ffcf	[542]b	done	11	73c03e1a-f333-11f0-808a-438f0af4b9e9	2026-08-14T16:52:11Z	vol_3/chinese/[337]缘起篇 - 部分（乙）/[542]取缘有/[542]b 所谓有.md	
a9dc6d49-ea06-41cc-9a42-1883a04b14b6	[542]c	done	18	73c03e1a-f333-11f0-808a-438f0af4b9e9	2026-08-14T16:52:16Z	vol_3/chinese/[337]缘起篇 - 部分（乙）/[542]取缘有/[542]c 业有的法体.md	
09866514-e389-45cf-8ea9-89cd5e849aa8	[543]a	done	4	73c03e1a-f333-11f0-808a-438f0af4b9e9	2026-08-14T16:52:24Z	vol_3/chinese/[337]缘起篇 - 部分（乙）/[542]取缘有/[543]a 生有的法体.md	
ba90e837-90bd-4597-ba28-7872f84e2fe4	[543]b	done	26	73c03e1a-f333-11f0-808a-438f0af4b9e9	2026-08-14T16:52:30Z	vol_3/chinese/[337]缘起篇 - 部分（乙）/[542]取缘有/[543]b 九种大有.md	
e30116e3-9a43-4099-8a5f-1ad0b64551cd	[544]	done	25	73c03e1a-f333-11f0-808a-438f0af4b9e9	2026-08-14T16:52:35Z	vol_3/chinese/[337]缘起篇 - 部分（乙）/[542]取缘有/[544] 有利益的宣说.md	
821f5061-8adc-41a0-b966-9a84f3f1f265	[545]a	done	7	73c03e1a-f333-11f0-808a-438f0af4b9e9	2026-08-14T16:52:39Z	vol_3/chinese/[337]缘起篇 - 部分（乙）/[542]取缘有/[545]a 取与有的种类.md	
5c41ed48-3a55-4381-b02c-46cc9bc31b16	[545]b	done	9	73c03e1a-f333-11f0-808a-438f0af4b9e9	2026-08-14T16:52:43Z	vol_3/chinese/[337]缘起篇 - 部分（乙）/[542]取缘有/[545]b 凡夫如疯子.md	
50016f4e-7706-4a6e-9516-e1bad3d9b11b	[546]a	done	13	73c03e1a-f333-11f0-808a-438f0af4b9e9	2026-08-14T16:52:47Z	vol_3/chinese/[337]缘起篇 - 部分（乙）/[542]取缘有/[546]a 欲取与恶趣轮回.md	
b81a1dfb-1a96-4ac2-a1d5-aae85b1a0021	[546]b	done	6	73c03e1a-f333-11f0-808a-438f0af4b9e9	2026-08-14T16:52:51Z	vol_3/chinese/[337]缘起篇 - 部分（乙）/[542]取缘有/[546]b 欲取与善趣.md	
c47ea848-b25b-44ed-8e94-13400ec2a333	[547]a	done	5	73c03e1a-f333-11f0-808a-438f0af4b9e9	2026-08-14T16:52:54Z	vol_3/chinese/[337]缘起篇 - 部分（乙）/[542]取缘有/[547]a 欲取与色有、无色有.md	
59f36adb-0945-4b9e-b7bb-f8a05d3783f2	[547]b	done	5	73c03e1a-f333-11f0-808a-438f0af4b9e9	2026-08-14T16:52:58Z	vol_3/chinese/[337]缘起篇 - 部分（乙）/[542]取缘有/[547]b 见取与欲、色、无色的业有、生有.md	
84b2dfa2-e61d-4fba-97cc-9b7a828c98f8	[547]c	done	5	73c03e1a-f333-11f0-808a-438f0af4b9e9	2026-08-14T16:53:02Z	vol_3/chinese/[337]缘起篇 - 部分（乙）/[542]取缘有/[547]c 由我语取而生起有的方式.md	
010d7a3e-d729-43d2-b8bc-e3a933263876	[548]a	done	9	73c03e1a-f333-11f0-808a-438f0af4b9e9	2026-08-14T16:53:06Z	vol_3/chinese/[337]缘起篇 - 部分（乙）/[542]取缘有/[548]a 由戒禁取而生起有的方式.md	
966c7ba1-fd67-425b-aa21-9115e3090d40	[548]b	done	8	73c03e1a-f333-11f0-808a-438f0af4b9e9	2026-08-14T16:53:10Z	vol_3/chinese/[337]缘起篇 - 部分（乙）/[542]取缘有/[548]b 发趣诸缘的关联方式.md	
07c21f03-c1d8-4b33-b861-80aa6444add9	[549]	done	30	73c03e1a-f333-11f0-808a-438f0af4b9e9	2026-08-14T16:53:15Z	vol_3/chinese/[337]缘起篇 - 部分（乙）/[542]取缘有/[549] 因与果的收摄方式.md	
6c883b4a-a1d2-4578-8c0d-f74fff739f63	[550]	done	17	73c03e1a-f333-11f0-808a-438f0af4b9e9	2026-08-14T16:53:20Z	vol_3/chinese/[337]缘起篇 - 部分（乙）/[542]取缘有/[550] 欲取与色有.md	
91be5d9a-85ca-4d8e-8a18-c1bd19b4e232	[552]a	done	11	73c03e1a-f333-11f0-808a-438f0af4b9e9	2026-08-14T16:53:24Z	vol_3/chinese/[337]缘起篇 - 部分（乙）/[552]有缘生/[552]a 有缘生.md	
00ddf546-9356-4617-8707-6b4b0a085f37	[552]b	done	2	73c03e1a-f333-11f0-808a-438f0af4b9e9	2026-08-14T16:53:28Z	vol_3/chinese/[337]缘起篇 - 部分（乙）/[552]有缘生/[552]b 发趣诸缘的关联方式.md	
e7d162cc-2def-4b8d-883d-7ba702613d73	[552]c	done	33	73c03e1a-f333-11f0-808a-438f0af4b9e9	2026-08-14T16:53:34Z	vol_3/chinese/[337]缘起篇 - 部分（乙）/[552]有缘生/[552]c 问与答.md	
1ac2da24-1e5a-4e28-a5f2-2e1daf4abf29	[554]a	done	7	73c03e1a-f333-11f0-808a-438f0af4b9e9	2026-08-14T16:53:38Z	vol_3/chinese/[337]缘起篇 - 部分（乙）/[554]生缘老死/[554]a 生缘老死.md	
f81bc193-9691-4c50-af9d-534f4845a37d	[554]b	done	8	73c03e1a-f333-11f0-808a-438f0af4b9e9	2026-08-14T16:53:42Z	vol_3/chinese/[337]缘起篇 - 部分（乙）/[554]生缘老死/[554]b 把老死只作为一支的方式.md	
82c60ce5-43d9-4cf6-b569-b088afea20f8	[554]c	done	51	73c03e1a-f333-11f0-808a-438f0af4b9e9	2026-08-14T16:53:50Z	vol_3/chinese/[337]缘起篇 - 部分（乙）/[554]生缘老死/[554]c 因法与果法的摄取方式.md	
2d660472-7676-47c6-b1e3-433490c937fe	[557]	done	13	73c03e1a-f333-11f0-808a-438f0af4b9e9	2026-08-14T16:53:55Z	vol_3/chinese/[337]缘起篇 - 部分（乙）/[554]生缘老死/[557] 愁、悲、苦、忧、恼.md	
e234720b-8e93-429f-b3da-2c87d0ec54ea	[558]a	done	6	73c03e1a-f333-11f0-808a-438f0af4b9e9	2026-08-14T16:53:59Z	vol_3/chinese/[337]缘起篇 - 部分（乙）/[554]生缘老死/[558]a 有轮转动的方式.md	
e3a1a61f-5062-4650-9e66-902fff77963e	[558]b	done	14	73c03e1a-f333-11f0-808a-438f0af4b9e9	2026-08-14T16:54:03Z	vol_3/chinese/[337]缘起篇 - 部分（乙）/[554]生缘老死/[558]b 有轮转动的方式.md	
d382a8c1-78eb-4013-873a-e027300fec52	[558]c	done	20	73c03e1a-f333-11f0-808a-438f0af4b9e9	2026-08-14T16:54:08Z	vol_3/chinese/[337]缘起篇 - 部分（乙）/[554]生缘老死/[558]c 远离常、净、乐、我.md	
39260b35-16ff-4de3-b5d4-59278983d5a5	[559]	done	31	73c03e1a-f333-11f0-808a-438f0af4b9e9	2026-08-14T16:54:14Z	vol_3/chinese/[337]缘起篇 - 部分（乙）/[554]生缘老死/[559] 二种根本.md	
9c59a745-aa25-49be-a844-53f732b6eba4	[561]a	done	5	73c03e1a-f333-11f0-808a-438f0af4b9e9	2026-08-14T16:54:18Z	vol_3/chinese/[337]缘起篇 - 部分（乙）/[554]生缘老死/[561]a 三种时期.md	
4a05c44e-3168-4dd7-a1eb-ca380af100b3	[561]b	done	2	73c03e1a-f333-11f0-808a-438f0af4b9e9	2026-08-14T16:54:21Z	vol_3/chinese/[337]缘起篇 - 部分（乙）/[554]生缘老死/[561]b 十二支.md	
41679448-c100-406f-b3e7-555bf41584a3	[561]c	done	9	73c03e1a-f333-11f0-808a-438f0af4b9e9	2026-08-14T16:54:25Z	vol_3/chinese/[337]缘起篇 - 部分（乙）/[554]生缘老死/[561]c 三种连结.md	
e47f323b-3a05-48ce-b197-c3c16612892e	[561]d	done	6	73c03e1a-f333-11f0-808a-438f0af4b9e9	2026-08-14T16:54:29Z	vol_3/chinese/[337]缘起篇 - 部分（乙）/[554]生缘老死/[561]d 四层.md	
c24c9bd7-9eac-48ac-bc95-e4117129eb9b	[562]	done	17	73c03e1a-f333-11f0-808a-438f0af4b9e9	2026-08-14T16:54:43Z	vol_3/chinese/[337]缘起篇 - 部分（乙）/[554]生缘老死/[562] 二十行相.md	
1f2566ac-7219-47af-9721-a56f937c3cda	[566]	done	67	73c03e1a-f333-11f0-808a-438f0af4b9e9	2026-08-14T16:54:52Z	vol_3/chinese/[337]缘起篇 - 部分（乙）/[554]生缘老死/[566] 三种轮转的转动方式.md	
b4eb85ee-7911-4a90-a8c2-53e683fd9dd2	[568]	done	24	73c03e1a-f333-11f0-808a-438f0af4b9e9	2026-08-14T16:54:56Z	vol_3/chinese/[337]缘起篇 - 部分（乙）/[554]生缘老死/[568] 谛的起源.md	
35b2bac8-20d8-4e40-89fe-d56c29583fb8	[569]	done	23	73c03e1a-f333-11f0-808a-438f0af4b9e9	2026-08-14T16:55:02Z	vol_3/chinese/[337]缘起篇 - 部分（乙）/[554]生缘老死/[569] 依作用应当了知的方式.md	
574b828c-4135-40d6-93c9-bad7569fb4e2	[571]	done	7	73c03e1a-f333-11f0-808a-438f0af4b9e9	2026-08-14T16:57:09Z	vol_3/chinese/[337]缘起篇 - 部分（乙）/[554]生缘老死/[571] 两种作用.md	
46a5b371-c5c8-4378-94ee-3037c6881bd0	[571]b	done	14	73c03e1a-f333-11f0-808a-438f0af4b9e9	2026-08-14T16:57:14Z	vol_3/chinese/[337]缘起篇 - 部分（乙）/[554]生缘老死/[571]b 遮止邪见之法.md	
c391b581-4d5d-4aef-9c7a-995dfa5eba68	[572]	done	37	73c03e1a-f333-11f0-808a-438f0af4b9e9	2026-08-14T16:57:20Z	vol_3/chinese/[337]缘起篇 - 部分（乙）/[554]生缘老死/[572] 依譬喻应当了知的方式.md	
b999c07e-f3ef-436b-a590-072e1f64a3aa	[573]	done	35	73c03e1a-f333-11f0-808a-438f0af4b9e9	2026-08-14T16:57:26Z	vol_3/chinese/[337]缘起篇 - 部分（乙）/[554]生缘老死/[573] 以譬喻的另一种方式说明.md	
353e0bed-2354-4dd5-9585-c0f83f017eb1	[576]a	done	5	73c03e1a-f333-11f0-808a-438f0af4b9e9	2026-08-14T16:57:29Z	vol_3/chinese/[337]缘起篇 - 部分（乙）/[554]生缘老死/[576]a 四种深邃.md	
268aaf76-a909-4af2-a8ef-2638c04a1f82	[576]b	done	19	73c03e1a-f333-11f0-808a-438f0af4b9e9	2026-08-14T16:57:34Z	vol_3/chinese/[337]缘起篇 - 部分（乙）/[554]生缘老死/[576]b 一、义深邃性.md	
90365f99-ad59-45dd-8428-f36b32d1b1fa	[577]a	done	8	73c03e1a-f333-11f0-808a-438f0af4b9e9	2026-08-14T16:57:38Z	vol_3/chinese/[337]缘起篇 - 部分（乙）/[554]生缘老死/[577]a 二、法深邃性.md	
e863af47-a3f7-40d0-99ef-1cb3a031dcf5	[577]b	done	16	73c03e1a-f333-11f0-808a-438f0af4b9e9	2026-08-14T16:57:49Z	vol_3/chinese/[337]缘起篇 - 部分（乙）/[554]生缘老死/[577]b 三、开示深邃性.md	
ed107e45-1538-49ad-9e29-fced11229e0a	[578]	done	56	73c03e1a-f333-11f0-808a-438f0af4b9e9	2026-08-14T16:57:59Z	vol_3/chinese/[337]缘起篇 - 部分（乙）/[554]生缘老死/[578] 四、通达深邃性.md	
52e5916f-dd01-4027-9ffd-57fe485fc05d	[582]	done	47	73c03e1a-f333-11f0-808a-438f0af4b9e9	2026-08-14T16:58:06Z	vol_3/chinese/[337]缘起篇 - 部分（乙）/[554]生缘老死/[582] 接连不断的过去 - 到接连不断的未来.md	
e66c4d6e-4515-4f99-8215-f50fef43fc4d	[584]	done	16	73c03e1a-f333-11f0-808a-438f0af4b9e9	2026-08-14T16:58:11Z	vol_3/chinese/[337]缘起篇 - 部分（乙）/[554]生缘老死/[584] 未来观照图的各种形式.md	
57d99a30-861a-4264-9eed-b51974f0430e	[586]	done	9	73c03e1a-f333-11f0-808a-438f0af4b9e9	2026-08-14T16:58:16Z	vol_3/chinese/[337]缘起篇 - 部分（乙）/[554]生缘老死/[586] 缘起第二种方法 逆观缘起.md	
afdd9813-1740-4349-8b19-8fd3ddb083f5	[587]	done	27	73c03e1a-f333-11f0-808a-438f0af4b9e9	2026-08-14T16:58:21Z	vol_3/chinese/[337]缘起篇 - 部分（乙）/[554]生缘老死/[587] 缘起第三种方法 随顺缘起.md	
cb19e898-ddc6-4480-b097-28f23259a6b4	[588]a	done	13	73c03e1a-f333-11f0-808a-438f0af4b9e9	2026-08-14T16:58:25Z	vol_3/chinese/[337]缘起篇 - 部分（乙）/[554]生缘老死/[588]a 一个连结、两层.md	
9d517c8c-422f-48cc-b5fa-d787ba4f9806	[588]b	done	9	73c03e1a-f333-11f0-808a-438f0af4b9e9	2026-08-14T16:58:29Z	vol_3/chinese/[337]缘起篇 - 部分（乙）/[554]生缘老死/[588]b 世间经.md	
ed1b2c03-a8d8-4cd7-9138-46e9ed44b4ed	[589]a	done	8	73c03e1a-f333-11f0-808a-438f0af4b9e9	2026-08-14T16:58:34Z	vol_3/chinese/[337]缘起篇 - 部分（乙）/[554]生缘老死/[589]a 世间生起的方式.md	
6ec055c4-f60f-42b9-9bae-aa69d38fa2ce	[589]b	done	22	73c03e1a-f333-11f0-808a-438f0af4b9e9	2026-08-14T16:58:39Z	vol_3/chinese/[337]缘起篇 - 部分（乙）/[554]生缘老死/[589]b 世间灭尽的方式.md	
381c6fd7-8610-48dd-8b7f-4815e1deac38	[591]	done	16	73c03e1a-f333-11f0-808a-438f0af4b9e9	2026-08-14T16:58:44Z	vol_3/chinese/[337]缘起篇 - 部分（乙）/[554]生缘老死/[591] 缘起第四种方法 - 逆观缘起.md	
b7071107-e049-44e7-848d-d32bcd84866e	[592]a	done	11	73c03e1a-f333-11f0-808a-438f0af4b9e9	2026-08-14T16:58:48Z	vol_3/chinese/[337]缘起篇 - 部分（乙）/[592]发趣诸缘的关联方式/[592]a 发趣诸缘的关联方式.md	
0d6e934e-f17f-41bd-a91b-41ae4aeff23b	[592]b	done	1	73c03e1a-f333-11f0-808a-438f0af4b9e9	2026-08-14T16:58:51Z	vol_3/chinese/[337]缘起篇 - 部分（乙）/[592]发趣诸缘的关联方式/[592]b 发趣（二）项组.md	
af45e8e1-fb84-4612-9045-7f264817c0cf	[592]c	done	16	73c03e1a-f333-11f0-808a-438f0af4b9e9	2026-08-14T16:58:57Z	vol_3/chinese/[337]缘起篇 - 部分（乙）/[592]发趣诸缘的关联方式/[592]c 大俱生(4)种.md	
eeb504fa-88df-49e8-9532-2624061e0566	[593]	done	15	73c03e1a-f333-11f0-808a-438f0af4b9e9	2026-08-14T16:59:02Z	vol_3/chinese/[337]缘起篇 - 部分（乙）/[592]发趣诸缘的关联方式/[593] 中俱生 (4) 种.md	
35bdb8b3-ccd0-4596-b5fb-ea6bc014afd9	[594]	done	15	73c03e1a-f333-11f0-808a-438f0af4b9e9	2026-08-14T16:59:07Z	vol_3/chinese/[337]缘起篇 - 部分（乙）/[592]发趣诸缘的关联方式/[594] 小俱生 (7) 种.md	
f310ea59-7993-40f0-93e0-e4b50a30f607	[594]b	done	10	73c03e1a-f333-11f0-808a-438f0af4b9e9	2026-08-14T16:59:11Z	vol_3/chinese/[337]缘起篇 - 部分（乙）/[592]发趣诸缘的关联方式/[594]b 所缘 (8) 种或 (11) 种.md	
5f525ec9-dd28-4b21-a910-ffe65043b1e4	[595]a	done	7	73c03e1a-f333-11f0-808a-438f0af4b9e9	2026-08-14T16:59:16Z	vol_3/chinese/[337]缘起篇 - 部分（乙）/[592]发趣诸缘的关联方式/[595]a 无间类 (7) 种.md	
e2b5f047-c92a-4724-93f5-95cfb0639638	[595]b	done	6	73c03e1a-f333-11f0-808a-438f0af4b9e9	2026-08-14T16:59:20Z	vol_3/chinese/[337]缘起篇 - 部分（乙）/[592]发趣诸缘的关联方式/[595]b 依处类 (6) 种.md	
d1e5f217-6b9d-4464-ae8b-bf5af26c7ba2	[596]a	done	3	73c03e1a-f333-11f0-808a-438f0af4b9e9	2026-08-14T16:59:25Z	vol_3/chinese/[337]缘起篇 - 部分（乙）/[592]发趣诸缘的关联方式/[596]a 后生类 (4) 种.md	
ada8382c-34df-48a5-9d45-124f3d151e7f	[596]b	done	7	73c03e1a-f333-11f0-808a-438f0af4b9e9	2026-08-14T16:59:29Z	vol_3/chinese/[337]缘起篇 - 部分（乙）/[592]发趣诸缘的关联方式/[596]b 异刹那业类 (6) 种.md	
b2842e8f-2efb-4040-b53c-3b6a47ba154d	[596]c	done	3	73c03e1a-f333-11f0-808a-438f0af4b9e9	2026-08-14T16:59:33Z	vol_3/chinese/[337]缘起篇 - 部分（乙）/[592]发趣诸缘的关联方式/[596]c 色食类 (3) 种.md	
323be630-8c16-487c-9114-6d757c67f18f	[596]d	done	3	73c03e1a-f333-11f0-808a-438f0af4b9e9	2026-08-14T16:59:36Z	vol_3/chinese/[337]缘起篇 - 部分（乙）/[592]发趣诸缘的关联方式/[596]d 色命根类 (3) 种.md	
3953469f-618d-446c-a8c4-45acf8e22874	[597]a	done	4	73c03e1a-f333-11f0-808a-438f0af4b9e9	2026-08-14T16:59:40Z	vol_3/chinese/[337]缘起篇 - 部分（乙）/[592]发趣诸缘的关联方式/[597]a 本性亲依止.md	
f57ea108-3408-4247-8456-575c7d2e380f	[597]b	done	26	73c03e1a-f333-11f0-808a-438f0af4b9e9	2026-08-14T16:59:45Z	vol_3/chinese/[337]缘起篇 - 部分（乙）/[592]发趣诸缘的关联方式/[597]b 简要说明.md	
13db7a9b-8b9e-4152-8e25-9cec11c81a2b	[598]	done	26	73c03e1a-f333-11f0-808a-438f0af4b9e9	2026-08-14T16:59:51Z	vol_3/chinese/[337]缘起篇 - 部分（乙）/[592]发趣诸缘的关联方式/[598] 应当预先了知的事项.md	
4d96eff6-e27b-4bec-9e81-8c5a24b704e8	[599]a	done	6	73c03e1a-f333-11f0-808a-438f0af4b9e9	2026-08-14T16:59:54Z	vol_3/chinese/[337]缘起篇 - 部分（乙）/[592]发趣诸缘的关联方式/[599]a 发趣诸缘的关联方式.md	
63820a62-9cda-4312-875d-256fb7c315dd	[599]b	done	27	73c03e1a-f333-11f0-808a-438f0af4b9e9	2026-08-14T17:00:00Z	vol_3/chinese/[337]缘起篇 - 部分（乙）/[592]发趣诸缘的关联方式/[599]b 三因结生业生色 = 色蕴.md	
6dfade71-141d-4f18-b3bc-a0005b33c15b	[601]	done	22	73c03e1a-f333-11f0-808a-438f0af4b9e9	2026-08-14T17:00:05Z	vol_3/chinese/[337]缘起篇 - 部分（乙）/[592]发趣诸缘的关联方式/[601] 结生心所依处缘生法的存在方式.md	
d4077af6-745b-47b9-9f1f-f82b40db524a	[602]	done	21	73c03e1a-f333-11f0-808a-438f0af4b9e9	2026-08-14T17:00:11Z	vol_3/chinese/[337]缘起篇 - 部分（乙）/[592]发趣诸缘的关联方式/[602] 欲界三因结生名蕴 (4) 种.md	
27d8e7aa-6075-4a8f-b2ad-7b5d791e61ef	[603]	done	10	73c03e1a-f333-11f0-808a-438f0af4b9e9	2026-08-14T17:00:15Z	vol_3/chinese/[337]缘起篇 - 部分（乙）/[592]发趣诸缘的关联方式/[603] 有分蕴 (5) 种.md	
44f552d5-472c-48dc-afe4-9c7bfbe332c9	[605]	done	11	73c03e1a-f333-11f0-808a-438f0af4b9e9	2026-08-14T17:00:19Z	vol_3/chinese/[337]缘起篇 - 部分（乙）/[592]发趣诸缘的关联方式/[605] 与有分心的生-住-灭刹那同时并起的时节生色、食生色的生起与存在方式.md	
d05dd40f-6fa4-44a1-a5ce-c7768fca058b	[606]	done	32	73c03e1a-f333-11f0-808a-438f0af4b9e9	2026-08-14T17:00:25Z	vol_3/chinese/[337]缘起篇 - 部分（乙）/[592]发趣诸缘的关联方式/[606] 有分名蕴 (4) 种.md	
ce9096c1-0828-47d3-ba88-622167d9c209	[607]	done	4	73c03e1a-f333-11f0-808a-438f0af4b9e9	2026-08-14T17:00:30Z	vol_3/chinese/[337]缘起篇 - 部分（乙）/[592]发趣诸缘的关联方式/[607] 诸色的生起与存在方式 - 预先.md	
2f348124-2259-4990-b5cc-9d6af03eced8	[607]a	done	6	73c03e1a-f333-11f0-808a-438f0af4b9e9	2026-08-14T17:00:34Z	vol_3/chinese/[337]缘起篇 - 部分（乙）/[592]发趣诸缘的关联方式/[607]a 五门心路心.md	
e70549b7-cc8c-4be7-aea5-52409574b338	[608]	done	42	73c03e1a-f333-11f0-808a-438f0af4b9e9	2026-08-14T17:00:41Z	vol_3/chinese/[337]缘起篇 - 部分（乙）/[592]发趣诸缘的关联方式/[608] 五门转向 - 色蕴.md	
5efe18f6-b308-438e-aba2-b951df5566c1	[610]	done	20	73c03e1a-f333-11f0-808a-438f0af4b9e9	2026-08-14T17:00:46Z	vol_3/chinese/[337]缘起篇 - 部分（乙）/[592]发趣诸缘的关联方式/[610] 五门转向 (名法 - 11个) 名蕴 (4) 种.md	
2e16e1bf-d1ae-4815-a39f-82d9d4810c64	[611]a	done	15	73c03e1a-f333-11f0-808a-438f0af4b9e9	2026-08-14T17:00:50Z	vol_3/chinese/[337]缘起篇 - 部分（乙）/[592]发趣诸缘的关联方式/[611]a 双五识 - 色蕴 (转起业生色).md	
67055b30-de48-4bfd-9007-428f4ef585f1	[611]b	done	7	73c03e1a-f333-11f0-808a-438f0af4b9e9	2026-08-14T17:00:54Z	vol_3/chinese/[337]缘起篇 - 部分（乙）/[592]发趣诸缘的关联方式/[611]b 时节生色 食生色.md	
780e055b-5aff-4577-bbec-00fe279b3f3d	[612]	done	24	73c03e1a-f333-11f0-808a-438f0af4b9e9	2026-08-14T17:00:59Z	vol_3/chinese/[337]缘起篇 - 部分（乙）/[592]发趣诸缘的关联方式/[612] 双五识 - 名蕴 (4) 种.md	
5d333ea6-3b11-48fb-9d15-b98858638b8d	[613]	done	20	73c03e1a-f333-11f0-808a-438f0af4b9e9	2026-08-14T17:01:04Z	vol_3/chinese/[337]缘起篇 - 部分（乙）/[592]发趣诸缘的关联方式/[613] 领受蕴 (5) 种.md	
4e8b2965-9f42-43b0-a17e-73fb0071f92e	[614]	done	21	73c03e1a-f333-11f0-808a-438f0af4b9e9	2026-08-14T17:01:09Z	vol_3/chinese/[337]缘起篇 - 部分（乙）/[592]发趣诸缘的关联方式/[614] 领受名蕴 (4) 种.md	
189249fe-5776-4247-a956-f301b8130fc8	[615]	done	21	73c03e1a-f333-11f0-808a-438f0af4b9e9	2026-08-14T17:01:45Z	vol_3/chinese/[337]缘起篇 - 部分（乙）/[592]发趣诸缘的关联方式/[615] 推度蕴 (5) 种.md	
e5bb44fb-5807-4950-a463-95e0e2fb152d	[616]	done	21	73c03e1a-f333-11f0-808a-438f0af4b9e9	2026-08-14T17:01:50Z	vol_3/chinese/[337]缘起篇 - 部分（乙）/[592]发趣诸缘的关联方式/[616] 推度名蕴 (4) 种.md	
3f987915-84b1-4edc-bccc-250cebcadf75	[617]	done	18	73c03e1a-f333-11f0-808a-438f0af4b9e9	2026-08-14T17:01:54Z	vol_3/chinese/[337]缘起篇 - 部分（乙）/[592]发趣诸缘的关联方式/[617] 确定蕴 (5) 种之中 - 色蕴.md	
01f29ecf-9fe2-4c9c-9a07-1aa5a05a0191	[618]	done	19	73c03e1a-f333-11f0-808a-438f0af4b9e9	2026-08-14T17:01:59Z	vol_3/chinese/[337]缘起篇 - 部分（乙）/[592]发趣诸缘的关联方式/[618] 确定名蕴 (4) 种.md	
8a5773c8-0758-4cfc-870b-22486a750c05	[619]	done	27	73c03e1a-f333-11f0-808a-438f0af4b9e9	2026-08-14T17:02:05Z	vol_3/chinese/[337]缘起篇 - 部分（乙）/[592]发趣诸缘的关联方式/[619] (五门) 大善第一速行蕴.md	
63814ded-2d7f-40c8-990b-d6665b4f2a26	[620]	done	28	73c03e1a-f333-11f0-808a-438f0af4b9e9	2026-08-14T17:02:11Z	vol_3/chinese/[337]缘起篇 - 部分（乙）/[592]发趣诸缘的关联方式/[620] 五门大善第一速行名蕴 (4) 种.md	
90b28ca3-6da0-44bf-9a48-c7e2b315be6a	[622]	done	29	73c03e1a-f333-11f0-808a-438f0af4b9e9	2026-08-14T17:02:17Z	vol_3/chinese/[337]缘起篇 - 部分（乙）/[592]发趣诸缘的关联方式/[622] 贪根第一速行名蕴 (4) 种.md	
0510f31c-308e-4937-90f8-bfa36549ea53	[624]	done	27	73c03e1a-f333-11f0-808a-438f0af4b9e9	2026-08-14T17:02:23Z	vol_3/chinese/[337]缘起篇 - 部分（乙）/[592]发趣诸缘的关联方式/[624] 嗔速行名蕴 (4) 种.md	
a270f97d-4858-431e-9ae9-4ff200891cdd	[625]	done	23	73c03e1a-f333-11f0-808a-438f0af4b9e9	2026-08-14T17:02:28Z	vol_3/chinese/[337]缘起篇 - 部分（乙）/[592]发趣诸缘的关联方式/[625] 痴根二 名蕴 (4) 种.md	
0f17d72e-ba84-4730-9e34-1e49a21ed299	[626]	done	21	73c03e1a-f333-11f0-808a-438f0af4b9e9	2026-08-14T17:02:33Z	vol_3/chinese/[337]缘起篇 - 部分（乙）/[592]发趣诸缘的关联方式/[626] 无因 - 第一彼所缘 - 色蕴.md	
e2a769ad-f703-4232-9571-fe233fd1f8ec	[627]	done	23	73c03e1a-f333-11f0-808a-438f0af4b9e9	2026-08-14T17:02:38Z	vol_3/chinese/[337]缘起篇 - 部分（乙）/[592]发趣诸缘的关联方式/[627] 有因 - 第一彼所缘 - 色蕴.md	
04005d8a-43ed-403d-8743-e25dfe4ea4d8	[628]	done	21	73c03e1a-f333-11f0-808a-438f0af4b9e9	2026-08-14T17:02:42Z	vol_3/chinese/[337]缘起篇 - 部分（乙）/[592]发趣诸缘的关联方式/[628] 无因 - 第一彼所缘 - 名蕴 (4) 种.md	
8b041cf4-38f0-4eb7-99c5-12eab3ae0cdb	[629]	done	25	73c03e1a-f333-11f0-808a-438f0af4b9e9	2026-08-14T17:02:47Z	vol_3/chinese/[337]缘起篇 - 部分（乙）/[592]发趣诸缘的关联方式/[629] 有因 - 大果报彼所缘 - 名蕴 (4) 种.md	
c3575043-43b8-460e-afa2-5de1870a54b3	[631]a	done	12	73c03e1a-f333-11f0-808a-438f0af4b9e9	2026-08-14T17:02:52Z	vol_3/chinese/[337]缘起篇 - 部分（乙）/[592]发趣诸缘的关联方式/[631]a 欲速行 意门心路心.md	
51307994-677e-4624-90dc-1b545f18d30a	[632]	done	41	73c03e1a-f333-11f0-808a-438f0af4b9e9	2026-08-14T17:02:59Z	vol_3/chinese/[337]缘起篇 - 部分（乙）/[592]发趣诸缘的关联方式/[632] 贪根第一速行名蕴 (4) 种.md	
5866c007-3985-4019-b2ab-ad2de0cc95e3	[637]	done	28	73c03e1a-f333-11f0-808a-438f0af4b9e9	2026-08-14T17:03:05Z	vol_3/chinese/[337]缘起篇 - 部分（乙）/[592]发趣诸缘的关联方式/[637] 禅那心路.md	
c9c3bc3c-b551-4536-93bd-da6757a1cb63	[638]	done	67	73c03e1a-f333-11f0-808a-438f0af4b9e9	2026-08-14T17:03:14Z	vol_3/chinese/[337]缘起篇 - 部分（乙）/[592]发趣诸缘的关联方式/[638] 广大善速行名蕴.md	
4e61ab2e-65f4-4103-ad30-1eed0ad6b0b6	[642]	done	23	73c03e1a-f333-11f0-808a-438f0af4b9e9	2026-08-14T17:03:19Z	vol_3/chinese/[337]缘起篇 - 部分（乙）/[592]发趣诸缘的关联方式/[642] 无因结生名蕴 (4) 种.md	
bbbd6cef-9ed7-49a2-aae1-0f304e179d84	[643]	done	25	73c03e1a-f333-11f0-808a-438f0af4b9e9	2026-08-14T17:03:25Z	vol_3/chinese/[337]缘起篇 - 部分（乙）/[592]发趣诸缘的关联方式/[643] 二因结生名蕴 (4) 种.md	
c95ec366-8228-439e-b74c-fb9c6e1518f7	[645]	done	45	73c03e1a-f333-11f0-808a-438f0af4b9e9	2026-08-14T17:03:31Z	vol_3/chinese/[337]缘起篇 - 部分（乙）/[592]发趣诸缘的关联方式/[645] 色界结生名蕴 (4) 种的生起.md	
acc1a629-56f0-4878-a4c7-dc6057ea28ca	[647]	done	26	73c03e1a-f333-11f0-808a-438f0af4b9e9	2026-08-14T17:03:41Z	vol_3/chinese/[337]缘起篇 - 部分（乙）/[592]发趣诸缘的关联方式/[647] 无色结生名蕴 (4) 种.md	
d68a1ecc-0b27-41ea-b757-b8bfd215a505	[648 ]	done	11	73c03e1a-f333-11f0-808a-438f0af4b9e9	2026-08-14T17:03:50Z	vol_3/chinese/[337]缘起篇 - 部分（乙）/[592]发趣诸缘的关联方式/[648 ] 无想有情结生.md	
9bef7fcb-c818-44c9-ae96-05aca25e38f9	[649]	done	28	73c03e1a-f333-11f0-808a-438f0af4b9e9	2026-08-14T17:03:56Z	vol_3/chinese/[337]缘起篇 - 部分（乙）/[592]发趣诸缘的关联方式/[649] 无因有分名蕴.md	
3bd8b8f5-bfb8-4ee6-99ce-ced30d4576c3	[650]	done	28	73c03e1a-f333-11f0-808a-438f0af4b9e9	2026-08-14T17:04:01Z	vol_3/chinese/[337]缘起篇 - 部分（乙）/[592]发趣诸缘的关联方式/[650] 二因有分名蕴.md	
d193d963-49ce-4e1d-8ee2-f30977f0ebfc	[651]	done	46	73c03e1a-f333-11f0-808a-438f0af4b9e9	2026-08-14T17:04:07Z	vol_3/chinese/[337]缘起篇 - 部分（乙）/[592]发趣诸缘的关联方式/[651] 色界有分名蕴.md	
5e7fc16b-9e45-459f-b8f9-6cbbfc251060	[654]	done	31	73c03e1a-f333-11f0-808a-438f0af4b9e9	2026-08-14T17:04:13Z	vol_3/chinese/[337]缘起篇 - 部分（乙）/[592]发趣诸缘的关联方式/[654] 无色有分名蕴.md	
1dc9d6fb-0960-4b75-853e-cd1d4f04c4da	[655]	done	22	73c03e1a-f333-11f0-808a-438f0af4b9e9	2026-08-14T17:04:18Z	vol_3/chinese/[337]缘起篇 - 部分（乙）/[592]发趣诸缘的关联方式/[655] 无因死心的生起方式.md	
de9865f9-8edd-4cbb-9376-7a14e96b0af9	[656]a	done	17	73c03e1a-f333-11f0-808a-438f0af4b9e9	2026-08-14T17:04:23Z	vol_3/chinese/[337]缘起篇 - 部分（乙）/[592]发趣诸缘的关联方式/[656]a 二因死心的生起方式.md	
7e976e2b-208d-4f2f-a536-38dfd7070d35	[656]b	done	18	73c03e1a-f333-11f0-808a-438f0af4b9e9	2026-08-14T17:04:27Z	vol_3/chinese/[337]缘起篇 - 部分（乙）/[592]发趣诸缘的关联方式/[656]b 欲界三因死心 (4) 个的生起方式.md	
c2802fc8-aff5-4bff-b0aa-b80be10947ed	[657]	done	20	73c03e1a-f333-11f0-808a-438f0af4b9e9	2026-08-14T17:04:32Z	vol_3/chinese/[337]缘起篇 - 部分（乙）/[592]发趣诸缘的关联方式/[657] 色界死心 (5) 个的生起方式.md	
18da7aa7-2ce7-44cd-9aa9-80b06bf234de	[658]	done	20	73c03e1a-f333-11f0-808a-438f0af4b9e9	2026-08-14T17:04:37Z	vol_3/chinese/[337]缘起篇 - 部分（乙）/[592]发趣诸缘的关联方式/[658] 无色死心 (4) 个的生起方式.md	
5a110b34-8c2c-4c8b-b017-9fb1ad62301f	[659]	done	9	73c03e1a-f333-11f0-808a-438f0af4b9e9	2026-08-14T17:04:41Z	vol_3/chinese/[337]缘起篇 - 部分（乙）/[592]发趣诸缘的关联方式/[659] 参考典籍.md	
73fc29be-caa8-4b9c-9925-c18bec1c6321	[660]	done	13	73c03e1a-f333-11f0-808a-438f0af4b9e9	2026-08-14T17:04:50Z	vol_3/chinese/[337]缘起篇 - 部分（乙）/[592]发趣诸缘的关联方式/[660] 为获得无痴正知智.md	
fb204204-94d8-4059-bed0-a651c7c2d680	[661]a	done	11	73c03e1a-f333-11f0-808a-438f0af4b9e9	2026-08-14T17:04:55Z	vol_3/chinese/[337]缘起篇 - 部分（乙）/[592]发趣诸缘的关联方式/[661]a 法住智.md	
edaedddc-2888-4899-974e-c68f5bb45147	[661]b	done	13	73c03e1a-f333-11f0-808a-438f0af4b9e9	2026-08-14T17:04:59Z	vol_3/chinese/[337]缘起篇 - 部分（乙）/[592]发趣诸缘的关联方式/[661]b 苏西玛游方者经.md	
cf02432b-dadb-44da-be95-d426c66f1af4	[662]	done	52	73c03e1a-f333-11f0-808a-438f0af4b9e9	2026-08-14T17:05:08Z	vol_3/chinese/[337]缘起篇 - 部分（乙）/[592]发趣诸缘的关联方式/[662] 所要表达的义理.md	
ba085212-4155-46fb-983a-afb9f9a05499	[665]	done	11	73c03e1a-f333-11f0-808a-438f0af4b9e9	2026-08-14T17:05:12Z	vol_3/chinese/[337]缘起篇 - 部分（乙）/[592]发趣诸缘的关联方式/[665] 依词释诸长老的评述.md	
ce394701-44bc-4826-9e78-0fa1f5bc6b87	[666]	done	90	73c03e1a-f333-11f0-808a-438f0af4b9e9	2026-08-14T17:05:23Z	vol_3/chinese/[337]缘起篇 - 部分（乙）/[592]发趣诸缘的关联方式/[666] 怀疑之疑法 (16) 种.md	
ac762e05-ff31-4173-aa29-7f69acc7e97b	[671]a	done	4	73c03e1a-f333-11f0-808a-438f0af4b9e9	2026-08-14T17:07:27Z	vol_3/chinese/[337]缘起篇 - 部分（乙）/[592]发趣诸缘的关联方式/[671]a 请暂时停下来审视.md	
80f68156-3db9-4e33-bcba-4a0a4581bac3	[671]b	done	75	73c03e1a-f333-11f0-808a-438f0af4b9e9	2026-08-14T17:07:37Z	vol_3/chinese/[337]缘起篇 - 部分（乙）/[592]发趣诸缘的关联方式/[671]b 已抵达智遍知的阶段.md	
b0c764b9-4d8b-45e9-8239-a87eed12eb36	[675]	done	39	73c03e1a-f333-11f0-808a-438f0af4b9e9	2026-08-14T17:07:43Z	vol_3/chinese/[337]缘起篇 - 部分（乙）/[592]发趣诸缘的关联方式/[675] 如实智.md	
358bd72a-7bc8-4b22-a19d-1ed2ad725c31	[677]b	done	7	73c03e1a-f333-11f0-808a-438f0af4b9e9	2026-08-14T17:07:47Z	vol_3/chinese/[337]缘起篇 - 部分（乙）/[592]发趣诸缘的关联方式/[677]b 如实智 - 正观 - 度疑.md	
8a688164-bd8a-4d44-8692-7af0e723100f	[678]	done	18	73c03e1a-f333-11f0-808a-438f0af4b9e9	2026-08-14T17:07:52Z	vol_3/chinese/[337]缘起篇 - 部分（乙）/[592]发趣诸缘的关联方式/[678] 已抵达小须陀洹的阶段.md	
0d8ad683-6ada-46e2-bc60-bad88af74e6a	[680]	done	2	73c03e1a-f333-11f0-808a-438f0af4b9e9	2026-08-14T17:07:56Z	vol_3/chinese/[337]缘起篇 - 部分（乙）/[592]发趣诸缘的关联方式/[680] 卑谬大西亚多的祝愿辞.md	
4c5d33f6-33f2-45f2-b851-20b507453e8b	[297]a	done	6	73c03e1a-f333-11f0-808a-438f0af4b9e9	2026-08-14T17:08:00Z	vol_3/chinese/[1]缘起篇 - 部分（甲）/[247]因果的收摄方式 - 把握诸缘之智篇/[297]a 声所缘线 - 耳门心路 - 五门转向.md	
15681e3f-89f1-41ea-858b-2ba01839628a	[305]b	done	8	73c03e1a-f333-11f0-808a-438f0af4b9e9	2026-08-14T17:08:04Z	vol_3/chinese/[1]缘起篇 - 部分（甲）/[247]因果的收摄方式 - 把握诸缘之智篇/[305]b 味所缘线 - 舌门心路 - 推度.md	
aa488ee4-4b4a-4cf0-b9b9-44a89c28488b	[305]c	done	8	73c03e1a-f333-11f0-808a-438f0af4b9e9	2026-08-14T17:08:08Z	vol_3/chinese/[1]缘起篇 - 部分（甲）/[247]因果的收摄方式 - 把握诸缘之智篇/[305]c 味所缘线 - 舌门心路 - 大善.md	
528ffd90-ea50-4132-8500-989521becf16	[399]b	done	28	73c03e1a-f333-11f0-808a-438f0af4b9e9	2026-08-14T17:08:15Z	vol_3/chinese/[337]缘起篇 - 部分（乙）/[373]a 发趣诸缘/[399]b 重复缘.md	
